LID,Glottocode,Language,MarkerHasMultipleExponentsForTAM,MarkerHasMultipleExponentsForPolarity,MarkerHasMultipleExponentsForVoice,MarkerHasMultipleExponentsForMood,MarkerHasMultipleExponentsForValence,MarkerHasMultipleExponentsForAktionsart,MarkerHasMultipleExponentsForConnective,MarkerHasMultipleExponentsForSemistem,MarkerHasMultipleExponentsForReferential,MarkerHasMultipleExponentsForCausative,MarkerHasMultipleExponentsForAspect,MarkerHasMultipleExponentsForTM,MarkerHasMultipleExponentsForDeixis,MarkerHasMultipleExponentsForMSE,MarkerHasMultipleExponentsForQuantificational,MarkerHasMultipleExponentsForMA,MarkerHasMultipleExponentsForTense,MarkerHasMultipleExponentsForTA,MarkerHasMultipleExponentsForPotentialis,MarkerHasMultipleExponentsForApplicative,MarkerHasMultipleExponentsForNumber,MarkerHasMultipleExponentsForReflexiveAndReciprocal,MarkerHasMultipleExponentsForVersion,MarkerHasMultipleExponentsForIllocution,MarkerHasMultipleExponentsForMTN,MarkerHasMultipleExponentsForStatus,MarkerHasMultipleExponentsForEvidential,MarkerHasMultipleExponentsForConstruct,MarkerHasMultipleExponentsForNominalizer,MarkerHasMultipleExponentsForHonorificity,MarkerHasMultipleExponentsForFocus,MarkerHasMultipleExponentsForSwitchReference,MarkerHasMultipleExponentsForSymmetricalVoice,MarkerHasMultipleExponentsForRECIP,MarkerHasMultipleExponentsForTE,MarkerHasMultipleExponentsForReflexive,MarkerHasMultipleExponentsForClassifier,MarkerHasMultipleExponentsForME,MarkerHasMultipleExponentsForRepetition,MarkerHasMultipleExponentsForSpatial,MarkerHasMultipleExponentsForMotion,MarkerHasMultipleExponentsForModality,MarkerHasMultipleExponentsForDirection,MarkerHasMultipleExponentsForPosterior,MarkerHasMultipleExponentsForControl,MarkerHasMultipleExponentsForQuotative,MarkerHasMultipleExponentsForReversative,MarkerHasMultipleExponentsForAffect,MarkerHasMultipleExponentsForAE,MarkerHasMultipleExponentsForTAME,MarkerHasMultipleExponentsForConditional,MarkerHasMultipleExponentsForPossessor,MarkerHasMultipleExponentsForTAE,MarkerHasMultipleExponentsForTN
35,belh1239,Belhare,FALSE,TRUE,FALSE,FALSE,FALSE,FALSE,FALSE,FALSE,,,,,,,,,,,,,,,,,,,,,,,,,,,,,,,,,,,,,,,,,,,,,,
107,hung1274,Hungarian,FALSE,,FALSE,,,,,,FALSE,FALSE,,,,,,,,,,,,,,,,,,,,,,,,,,,,,,,,,,,,,,,,,,,,
74,stan1293,English,FALSE,,,,,,,,,,,,,,,,,,,,,,,,,,,,,,,,,,,,,,,,,,,,,,,,,,,,,
404,warl1254,Warlpiri,,,,,,,,,,,,,,,,,,,,,,,,,,,,,,,,,,,,,,,,,,,,,,,,,,,,,,
77,fiji1243,Fijian (Boumaa),,,,,,,,,,,,,,,,,,,,,,,,,,,,,,,,,,,,,,,,,,,,,,,,,,,,,,
374,thai1261,Thai,,,,,,,,,,,,,,,,,,,,,,,,,,,,,,,,,,,,,,,,,,,,,,,,,,,,,,
171,mand1415,Mandarin,,,,,,,,,,,FALSE,FALSE,,,,,,,,,,,,,,,,,,,,,,,,,,,,,,,,,,,,,,,,,,
114,ingu1240,Ingush,FALSE,FALSE,FALSE,,,,FALSE,,,FALSE,,,FALSE,FALSE,FALSE,,,,,,,,,,,,,,,,,,,,,,,,,,,,,,,,,,,,,,,
443,koyr1240,Songhai (Koyra Chiini),,,,,,,,,,,,,,,,,,,,,,,,,,,,,,,,,,,,,,,,,,,,,,,,,,,,,,
421,yoru1245,Yoruba,FALSE,FALSE,,,,,,,,,,,,,,,,FALSE,FALSE,,,,,,,,,,,,,,,,,,,,,,,,,,,,,,,,,,,
456,west2369,Persian,FALSE,FALSE,,,,,,,,FALSE,,,,,,FALSE,,,,,,,,,,,,,,,,,,,,,,,,,,,,,,,,,,,,,,
12,ainu1240,Ainu,,,,,,,,,,,,,,,,,,,,,,,,,,,,,,,,,,,,,,,,,,,,,,,,,,,,,,
454,rama1270,Rama,,,,,,,,,,,,,,,,,,,,,,,,,,,,,,,,,,,,,,,,,,,,,,,,,,,,,,
340,russ1263,Russian,,FALSE,FALSE,,,,,,,,FALSE,FALSE,,,,,,,,,,,,,,,,,,,,,,,,,,,,,,,,,,,,,,,,,,
86,nucl1302,Georgian,FALSE,,FALSE,,,,,,,,,,,,,,,,,,FALSE,,FALSE,,,,,,,,,,,,,,,,,,,,,,,,,,,,,,,
226,sgaw1245,Karen (Sgaw),,,,,,,,,,,,,,,,,,,,,,,,,,,,,,,,,,,,,,,,,,,,,,,,,,,,,,
458,adyg1241,Adyghe (West Circassian),FALSE,FALSE,,FALSE,FALSE,FALSE,,,,,,,FALSE,,,,,,,,FALSE,,,FALSE,,,,,,,,,,,,,,,,,,,,,,,,,,,,,,
460,popt1235,Jacaltec,FALSE,,,,,,,,,,,,,,,,,,,,,,,,,,,,,,,,,,,,,,,,,,,,,,,,,,,,,
56,chuk1273,Chukchi,FALSE,,,,,,,,,,FALSE,,,,,,,,,,,,,,,,,,,,,,,,,,,,,,,,,,,,,,,,,,,
154,haka1240,Hakka Lai,FALSE,FALSE,FALSE,,,,,,,,,,,,,,,,,,,,FALSE,,,,FALSE,FALSE,,,,,,,,,,,,,,,,,,,,,,,,,,
104,hual1241,Quechua (Huallaga),FALSE,,FALSE,,,,,,,,FALSE,,,,,,,,,,FALSE,,,,,,FALSE,,FALSE,,,,,,,,,,,,,,,,,,,,,,,,,
461,onei1249,Oneida,,FALSE,FALSE,,,,,,,,,,,,FALSE,,,FALSE,,,FALSE,,,,,,,,,,,,,,,,,,,,,,,,,,,,,,,,,
159,lang1324,Lango,,,,,,,,,,,,,,,,,,,,,,,,,,,,,,,,,,,,,,,,,,,,,,,,,,,,,,
464,mode1248,Greek (modern),FALSE,,FALSE,,,,,,,,,,,,,,,,,,,,,,,,,,,,,,,,,,,,,,,,,,,,,,,,,,,
78,finn1318,Finnish,FALSE,,FALSE,,,,,,,FALSE,,,,,,,,,,,,,,,,,,,,,,,,,,,,,,,,,,,,,,,,,,,,
87,stan1295,German,FALSE,,,,,,,,,,,,,,,,,,,,,,,,,,,,,,,,,,,,,,,,,,,,,,,,,,,,,
99,hind1269,Hindi,,,,,,,,,,,,,,,,,,,,,,,,,,,,,,,,,,,,,,,,,,,,,,,,,,,,,,
118,nucl1643,Japanese,,,,,,,,,,,,,,,,,,,,,,,,,,,,,,,,,,,,,,,,,,,,,,,,,,,,,,
465,mari1440,Maricopa,,,,,,,,,,,,,,,,,,,,,,,,,,,,,,,,,,,,,,,,,,,,,,,,,,,,,,
48,cham1312,Chamorro,,,,,,,,,,,,,,,,,,,,,,,,,,,,,,,,,,,,,,,,,,,,,,,,,,,,,,
348,sanu1240,Sanuma,,,,,,,,,,,,,,,,,,,,,,,,,,,,,,,,,,,,,,,,,,,,,,,,,,,,,,
354,nort2942,Slave,,,,,,,,,,,,,,,,,,,,,,,,,,,,,,,,,,,,,,,,,,,,,,,,,,,,,,
399,wara1303,Warao,FALSE,FALSE,FALSE,,,,,,,,,,,,,,,,,,FALSE,,,,,,,,,,,,,,,,,,,,,,,,,,,,,,,,,
571,cent2194,Tamazight (Ayt Ndhir),FALSE,FALSE,,,,,,,,,,,,,,,,,,,,,,,,,,,,,,,,,,,,,,,,,,,,,,,,,,,,
581,zulu1248,Zulu,FALSE,,FALSE,,,,,,,FALSE,,,,,,,FALSE,,,,,FALSE,,,FALSE,,,,,,,,,,,,,,,,,,,,,,,,,,,,,
188,halh1238,Mongolian (Khalkha),FALSE,,FALSE,,,,,,,FALSE,,,,,,,,,,,,,,,,,,,,,,,,FALSE,,,,,,,,,,,,,,,,,,,,
512,apur1254,Apurina,,,,,,,,,,,,,,,,,,,,,,,,,,,,,,,,,,,,,,,,,,,,,,,,,,,,,,
128,kaya1319,Kayardild,,,,,,,,,,,,,,,,,,,,,,,,,,,,,,,,,,,,,,,,,,,,,,,,,,,,,,
502,nucl1301,Turkish,,,,,,,,,,,,,,,,,,,,,,,,,,,,,,,,,,,,,,,,,,,,,,,,,,,,,,
149,goon1238,Kuniyanti,,,,,,,,,,,,,,,,,,,,,,,,,,,,,,,,,,,,,,,,,,,,,,,,,,,,,,
112,imon1245,Imonda,,,,,,,,,,,,,,,,,,,,,,,,,,,,,,,,,,,,,,,,,,,,,,,,,,,,,,
515,bagi1246,Bagirmi,FALSE,FALSE,,,,,,,,,,,,,,,,,,,,,,FALSE,,,,,,,,,,,,,,,,,,,,,,,,,,,,,,
378,tiwi1244,Tiwi,FALSE,,,,,,,,,,,,,,,,,,,,,,,,,,,,,,,,,,,,,,,,,,,,,,,,,,,,,
179,mart1255,Martuthunira,FALSE,,,,,,,,,,,,,,,,,,,,FALSE,,,,,,,,,,,,,,,,,,,,,,,,,,,,,,,,,
497,supy1237,Supyire,,,,,,,,,,,,,,,,,,,,,,,,,,,,,,,,,,,,,,,,,,,,,,,,,,,,,,
501,mani1292,Meithei,,FALSE,,FALSE,,,,,,,FALSE,,,,,,,,,,,,,,,,,,,,,,,,,,,FALSE,,,,,,,,,,,,,,,,
576,wari1268,Wari,,,,,,,,,,,,,,,,,,,,,,,,,,,,,,,,,,,,,,,,,,,,,,,,,,,,,,
463,nucl1310,Burmese,,FALSE,,FALSE,,,,,,,FALSE,,,,,,,,,,,,,,,,,,,,,,,,,,,,,,,,,,,,,,,,,,,
569,stan1288,Spanish,FALSE,,,,,,,,,,,,,,,,,,,,,,,,,,,,,,,,,,,,,,,,,,,,,,,,,,,,,
79,stan1290,French (colloquial),FALSE,FALSE,,,,,,,,,,,,,,,,,,,,,,,,,,,,,,,,,,,,,,,,,,,,,,,,,,,,
498,mezq1235,Otomi (Mezquital),,FALSE,FALSE,,,,,,,,FALSE,,,,,,FALSE,,,,FALSE,FALSE,,,,,,,,,FALSE,,,,,,,,FALSE,,,,,,,,,,,,,,,
411,wasc1239,Wishram,,,,,,,,,,FALSE,FALSE,,FALSE,,FALSE,,FALSE,,,FALSE,,FALSE,,,,,,,,,,,,,,,,,,,,,,,,,,,,,,,,
324,east2652,Oromo,,,,,,,,,,,,,,,,,,,,,,,,,,,,,,,,,,,,,,,,,,,,,,,,,,,,,,
526,epen1239,Epena Pedee,,FALSE,,FALSE,,,,,,,FALSE,,FALSE,,,,FALSE,,,,FALSE,,,,,,,,,,,,,,,,,,,,,,,,,,,,,,,,,
356,sout2985,Miwok (Southern Sierra),,,FALSE,,,FALSE,,,,,FALSE,,,,,,FALSE,,,,,,,,,,,,,,,,,FALSE,,FALSE,,,,,,,,,,,,,,,,,,
527,even1259,Evenki,,,FALSE,,,,,,,FALSE,FALSE,FALSE,,,,,,,,,FALSE,,,,,,,,,,,,,,,,,,,,,,,,,,,,,,,,,
205,nene1249,Nenets (Tundra),,,,,,,,,FALSE,FALSE,,FALSE,,,,,,,,,,,,,,,,,,,,,,,,,,,,,,,,,,,,,,,,,,
7,abkh1244,Abkhaz,FALSE,,,,,FALSE,,FALSE,,FALSE,,,FALSE,,FALSE,,FALSE,,,FALSE,,,,FALSE,,,,,,,,,,,,FALSE,,,,FALSE,,,,,,,,,,,,,,
433,gily1242,Nivkh,,FALSE,,FALSE,FALSE,,,,,,,,,,,,,FALSE,,,FALSE,,,FALSE,,,,,,,FALSE,,,,,,,,,,,,,,,,,,,,,,,
193,east2379,Mparntwe Arrernte,,FALSE,,,,,,,,,FALSE,,,,,,,FALSE,,,,FALSE,,,,,,,,,,FALSE,,,,,,,FALSE,,FALSE,FALSE,,,,,,,,,,,,
25,nucl1235,Armenian (Eastern),,FALSE,FALSE,,,,,,,,,FALSE,,,,,,,,,,,,,,,,,,,,,,,,,,,,,,,,,,,,,,,,,,
221,diga1241,Mishmi,,FALSE,,,,,,,,,,,,,,FALSE,FALSE,,,,FALSE,,,,,,FALSE,,,,,,,,,,,,,,,,,,,,,,,,,,,
528,garo1247,Garo,,FALSE,,,,,,,,,,FALSE,,,FALSE,,,,,,,,,,,,,,,,,,,,,,,,,,,,,,,,,,,,,,,
145,darg1241,Dargi (Kubachi),FALSE,FALSE,FALSE,,,,,FALSE,,,FALSE,,FALSE,,,,,,,,,,,,,,FALSE,,,,,,,,,,,,,,,,FALSE,,,,,,,,,,,
355,soma1255,Somali,,,,,,,,,,,,,,,,,,,,,,,,,,,,,,,,,,,,,,,,,,,,,,,,,,,,,,
420,yima1243,Yimas,,,FALSE,,,,,,,,FALSE,,FALSE,,,,FALSE,,,,FALSE,,,,,,,,,,,,,,,,,,,,,,,FALSE,,,,,,,,,,
481,svan1243,Svan,FALSE,,FALSE,,,,,,,,FALSE,,FALSE,,,,,,,,FALSE,,FALSE,,,,,,,,,,,,,,,,,,,,,,,,,,,,,,,
406,wash1253,Washo,FALSE,FALSE,,,,,,,,FALSE,FALSE,,FALSE,,,,,,,,FALSE,,,FALSE,,,FALSE,,,,,,,,,,,,,,,,,,,,,,,,,,,
325,osse1243,Ossetic,,FALSE,,FALSE,FALSE,,,,,,FALSE,,,,,,FALSE,,,,,,,,,,,,,,,,,,,,,,,,,,,,,,,,,,,,,
152,kwak1269,Kwakwala,,,,,,,,,,,,,,,FALSE,,FALSE,,,,,,,,,FALSE,,,,,,,,,,,,,,,,,,,,,,,,,,,,
668,yecu1235,Totonac (Misantla),,,,,,,,,,,FALSE,,,,,,FALSE,,,,,,,,,FALSE,,,,,,,,,,,,,,,,,,,,,,,,,,,,
206,nepa1254,Nepali,FALSE,FALSE,FALSE,,,,,,,,FALSE,,,,,,,,,,,,,,,,,,,FALSE,,,,,,,,,,,,,,,,,,,,,,,,
225,lahu1253,Lahu,,FALSE,,,,,,,,,,,FALSE,,,FALSE,,,,,,,,,,,,,,,,,,FALSE,,,,,,,,,,,,,,,,,,,,
722,nort2722,Qiang (Northern),,FALSE,,,,,,,,,FALSE,,,,,FALSE,,FALSE,,,,,,,,,,,,,,,,,,,,,,,,,,,,,,,,,,,,
629,chan1310,Chantyal,FALSE,FALSE,,,,,,,,,,,,,,,,,,,,,,FALSE,,,,,,,,,,,,,,,,,,,,,,,,,,,,,,
663,drun1238,Drung,,FALSE,FALSE,FALSE,,,,,,,,,FALSE,,,,,FALSE,,,,,,,,,FALSE,,,,,,,,,,,,,,,,,,,,,,,,,,,
725,ital1282,Italian,FALSE,,,,,,,,,,,,,,,,,,,,,FALSE,,,,,,,,,,,,,,,,,,,,,,,,,,,,,,,,
81,furr1244,Fur,,TRUE,,,,,,,,,FALSE,FALSE,,,,,,,,,,,,,,,,,,,,,,,,,,,,,,,,,,,,,,,,,,
17,tosk1239,Albanian,,,,,,,,,,,FALSE,,,FALSE,,,FALSE,,,,,,,,,,,,,,,,,,,,,,,,,,,,,,,,,,,,,
690,mana1288,Manange,,FALSE,,,,,,,,,,,,,,,,,,,,,,,,,,,,,,,,FALSE,,,,,,,,,,,,,,,,,,,,
664,west2420,Kham,,FALSE,,FALSE,,,,,,,,FALSE,,,,FALSE,,,,,,,,FALSE,,,,,,,,,,,,,,,,,,,,,,,,,,,,,,
674,limb1266,Limbu,,FALSE,,FALSE,,,,,,,FALSE,,,,,,FALSE,,,,,,,,,,,,,,,,,,,,,,,,,,,,,,,,,,,,,
723,kham1282,Tibetan (Dege),FALSE,FALSE,,,,,,,,,,,,,,FALSE,,,,,,,,FALSE,,,,,,FALSE,,,,,,,,,,,,,,,,,,,,,,,,
626,kinn1249,Kinnauri,,FALSE,,,,,,,,,,,,,,,FALSE,,,,,,,,,,,,,,,,,,,,,,,,,,,,,,,,,,,,,
685,klam1254,Klamath,,,,,,,,FALSE,,FALSE,FALSE,,,,FALSE,,,,,,,FALSE,,,,,,,,,,,,,,,,,,FALSE,FALSE,,,,,,,,,,,,,
223,sout2729,Pumi,,FALSE,,,,FALSE,,,,,FALSE,,FALSE,,,,,,,,,,,FALSE,,,,,,,,,,,,,,,,,,,,,,,,,,,,,,
468,east2773,Newar (Dolakha),,FALSE,,,FALSE,,,,,,FALSE,,,,,,FALSE,,,,,,,,,,,,,,,,,,,,,,,,,,,,,,,,,,,,,
434,west2414,Gurung,FALSE,FALSE,,,,,,,,,,,,,,,,,,,,,,,,,,,,,,,,,,,,,,,,,,,,,,,,,,,,
169,mait1250,Maithili,,,,FALSE,,,,,,,,,,,,,,FALSE,,,,,,,,,,,,FALSE,,,,,,,,,,,,,,,,,,,,,,,,
632,wayu1241,Hayu,,,,,,,,,,,,,,,,,FALSE,,,,,,,,,,,,,,,,,,,,,,,,,,,,,,,,,,,,,
724,east2347,Tamang (Eastern),FALSE,FALSE,,,,,,,,,,,,,,,,,,,,,,,,,,,,,,,,,,,,,,,,FALSE,,,,,,,,,,,,
2826,darg1241,Dargi (standard),FALSE,FALSE,FALSE,,,,,FALSE,,,FALSE,,FALSE,,,,,,,,,,,,,,FALSE,,,,,,,,,,,,,,,,FALSE,,,,,,,,,,,
677,swed1254,Swedish,,,FALSE,,,,,,,,,FALSE,,,,,,,,,,,,,,,,,,,,,,,,,,,,,,,,,,,,,,,,,,
580,yidi1250,Yidiny,,,FALSE,,,FALSE,,,,,,FALSE,FALSE,,,,,,,FALSE,,,,,,,,,,,,,,,,,,,,,,,,,,,,,,,,,,
2779,yele1255,Yelî Dnye,,,,,,,,,,,,,,,,,,,,,,,,,,,,,,,,,,,,,,,,,,,,,,,,,,,,,,
196,murr1258,Murrinh-patha,FALSE,,,,,,,,,,,,,,,,,FALSE,,FALSE,FALSE,FALSE,,,,,,,,,,,,,,,,,,,,,,,,,,,,,,,,
69,nubi1251,Nubian (Dongolese),TRUE,FALSE,,,,,,,,,,,,,FALSE,,,,,,,,,FALSE,,,,,,,,,,,,,,,,,,,,,,,,,,,,,,
387,tuvi1240,Tuva,,FALSE,FALSE,,,,,,,,,FALSE,,,,,,,,,,FALSE,,,,,,,,,,,,,,,,,,,,,,,,,,,,,,,,
385,shos1248,Tümpisa Shoshone,FALSE,FALSE,,,,,,,,,FALSE,,FALSE,,FALSE,,,,,,,,,,,FALSE,,,,,,,,,,,,,,,,,,,,,,,,,,,,
2944,rabh1238,Rabha,,FALSE,,FALSE,,,,,,,FALSE,,,,,,,,,,,,,,,,,,,,,,,,,,,,,,,,,,,,,,,,,,,
177,marg1265,Margi,FALSE,FALSE,,,,,,,,,,,,,,,,,,,,,,,,,,,,,,,,,,,,,,,,,,,,,,,,,,,,
1531,ghod1238,Godoberi,FALSE,FALSE,FALSE,,,,FALSE,,,,,,,,,,,,,,,,,,,,,,,,,,,,,,,,,,,,,,,,,,,,,,,
2949,darg1241,Dargi (Icari),FALSE,FALSE,FALSE,,,,,FALSE,,,FALSE,,FALSE,,,,,,,,FALSE,,,,,,FALSE,,,,,,,,,,,,,,,,FALSE,,,,,,,,,,,
208,nezp1238,Nez Perce,,,,FALSE,,,,,,FALSE,FALSE,,,,FALSE,,FALSE,,,,FALSE,,,,,,,,,,,,,FALSE,,FALSE,,,,,,,,,,,,,,,,,,
192,movi1243,Movima,,,FALSE,FALSE,,,,,,FALSE,,,,,FALSE,,,,,FALSE,,,,,,FALSE,,,,,,,,,,,,,,,,FALSE,,,,,,,,,,,,
392,urar1246,Urarina,,,FALSE,,,,,,,FALSE,FALSE,,,,FALSE,,,,,,FALSE,,,,,,,,,,,,,,,,,,,,,,,,,,,,,,,,,
551,leal1235,Chinantec (Lealao),,,,,,,,,,,FALSE,,,,,,,,,,,,,,,,,,,,,,,,,,,,FALSE,,,,,,,,,,,,,,,
50,chic1272,Chichimec,,,,,,,,,,,,,,,,,,,,,,,,,,,,,,,,,,,,,,,,,,,,,,,,,,,,,,
3101,assy1241,Neo-Aramaic (Barwar),FALSE,FALSE,FALSE,,,,,,,,,,,,,,,FALSE,,,,,,,,,,,,,,,,,,,,,,,,,,,,,,,,,,,,
2393,selk1253,Selkup,,,,,,,,,,FALSE,TRUE,FALSE,,,,,,,,,,,,,,,,,,,,,,,,,,,,,,,,,,,,,,,,,,
2564,thom1243,Thompson,,,FALSE,FALSE,,,,,,FALSE,FALSE,,,,,,,,,FALSE,FALSE,FALSE,,,,,,,,,,,,,,,,,,,,,,,FALSE,,,,,,,,,
678,bulg1262,Bulgarian,FALSE,FALSE,,FALSE,,,,,,,FALSE,,,,,,,,,,,,,,,,,,,,,,,,FALSE,,,,,,,,,,,,,,,,,,,
2330,poli1260,Polish,,FALSE,FALSE,,,,,,,,FALSE,FALSE,,,,,,,,,,,,,,,,,,,,,,,,,,,,,,,,,,,,,,,,,,
2447,slov1268,Slovene,,FALSE,,,,,,,,,FALSE,FALSE,,,,,,,,,,,,,,,,,,,,,,,,,,,,,,,,,,,,,,,,,,
675,kaba1278,Circassian (East),,FALSE,,,,,,,,FALSE,,,FALSE,,,,FALSE,,,,,,FALSE,FALSE,,,FALSE,,,,,,,FALSE,,FALSE,,,,,,FALSE,,,,,,,,,,,,
3229,NA,Torlak Serbian,FALSE,FALSE,,FALSE,,,,,,,FALSE,,,,,,,,,,,,,,,,,,,,,,,,FALSE,,,,,,,,,,,,,,,,,,,
1890,lith1251,Lithuanian,,,,,,,,,,,,FALSE,,,,,,,,,,,,,,,,,,,,,,,,,,,,,,,,,,,,,,,,,,
549,latv1249,Latvian,,FALSE,,,,,,,,,FALSE,FALSE,,,,,,,,,,FALSE,,,,,,,,,,,,,,,,,,,,,,,,,,,,,,,,
683,roma1327,Romanian,FALSE,,,FALSE,,,,,,,,,,,,,,,,,,FALSE,,,,,,,,,,,,,,,,,,,,,,,,,,,,,,,,
2471,croa1245,Serbian-Croatian,,,,,,,,,,,FALSE,FALSE,,,,,,,,,,,,,,,,,,,,,,,,,,,,,,,,,,,,,,,,,,
2412,seri1257,Seri,,FALSE,FALSE,FALSE,,,,,,FALSE,,,FALSE,,,,,,,,,,,FALSE,,,,,,,,FALSE,,,,,,,,,,,,,,FALSE,,,,,,,,
2984,mian1256,Mian,FALSE,FALSE,,FALSE,,,,,,,FALSE,,,,,,FALSE,,,,,,,FALSE,,FALSE,,,,,,,,,,,,,,,,,,,,,,,,,,,,
656,koro1312,Korowai,,TRUE,,,,,,,,,FALSE,,,,,,,,,,,,,,,FALSE,,,,,,FALSE,,,,,,,,,,,,,,,,,,,,,,
84,gara1269,Garrwa,,,,,,,,,,FALSE,,,,,FALSE,,,FALSE,,,,,,FALSE,,,,,,,,,,,,,,,,,,,,,,,,,,,,,,
419,yess1239,Yessan-Mayo,,,,,,,,,,,FALSE,,FALSE,,FALSE,,,FALSE,,,,,,,,,,,,,FALSE,,,,,,,,,,,,,,,,,,,,,,,
1364,ngar1235,Bilinara,FALSE,,,,,,,,,,FALSE,,FALSE,,FALSE,,,,,,,,,FALSE,,,,,,,,,,,,,,,,,,,,,,,,,,,,,,
885,yane1238,Amuesha,,FALSE,,,,,,,,FALSE,,,FALSE,,FALSE,,,FALSE,,FALSE,,,,,FALSE,,,,,,,,,,,,,,,,,,,,,,,,,,,,,
658,yany1243,Yanyuwa,FALSE,,,,,,,,,,,,,,,,,,,,,FALSE,,FALSE,,,,,,,,,,,,,,,,,,,,,,,,,,,,,,
66,dhuw1249,Djapu,FALSE,,,,,,,,,FALSE,,,,,FALSE,,,,,,,FALSE,,,,,,,,,,,,,,,,,,,,,,,,,,,,,,,,
1772,gugu1255,Guugu Yimidhirr,FALSE,,,,,,,,,,,FALSE,,,,,,,,,,FALSE,,,,,,,,,,,,,,,,,,,,,,,,,,,,,,,,
1363,nang1259,Ngan'gityemerri,FALSE,,,,,,,,,,,,,,FALSE,,FALSE,,,,FALSE,,,,,,,,,,,,,,,,,,,,,,,,,,,,,,,,,
3240,ashe1272,Ashéninka Perené,,FALSE,,,,,,,FALSE,FALSE,,,,,FALSE,,FALSE,,,FALSE,,,,,,FALSE,FALSE,,,,,,,,,,,,,,,,,,,,FALSE,,,,,,,
352,shua1257,Shuar,,FALSE,,FALSE,,,,,,,,,,,,,FALSE,,,FALSE,,FALSE,,,,,,,,,,FALSE,,,,,,,,,,,,,,,,,,,,,,
2050,moco1246,Mocoví,,FALSE,FALSE,,,FALSE,,,,,,,,,,,,,,,FALSE,,,,,,,,,,,,,,,,,,,FALSE,,,,,,,,,,,,,,
426,yura1255,Yurakare,,,FALSE,,,,,,,,FALSE,,,FALSE,FALSE,,,,,FALSE,,FALSE,,,,,FALSE,,,,,,,,,,,,,,FALSE,,,,,,,,,,,,,
1385,sout2991,Quechua (Cochabamba),,,,,,FALSE,,,,,,,FALSE,,FALSE,,,,,,,FALSE,,,,,,,,,,,,,FALSE,,,,,,,,,,,,,,,,,,,
326,paez1247,Paez,,FALSE,,FALSE,,,,,,,FALSE,,,,,,FALSE,,,,,,,,,FALSE,,,,,,,,,,,,,,,,,,,,,,FALSE,,,,,,
2508,suab1238,Inanwatan,,FALSE,,FALSE,,,,,,,FALSE,,,,,,FALSE,,,,,,,,,,,,,,,,,,,,,,,,,,,,,,,,,,,,,
2951,kara1500,Karajá,,FALSE,FALSE,,FALSE,,,,,,,,FALSE,,,,,FALSE,,,FALSE,,,,,,,,,,,,,,,FALSE,,,,,,,,,,,,,,,,,,
2900,aves1237,Avestan,FALSE,,,FALSE,,,,,,FALSE,,,,,,,,,,,,,,,,,,,,,,,,,,,,,,,,,,,,,,,,,,,,
2726,wels1247,Welsh,,,,,,,,,,,,,,,,,,,,,,,,,,,,,,,,,,,,,,,,,,,,,,,,,,,,,,
2456,sinh1246,Sinhala,,,,FALSE,,,FALSE,,,FALSE,,,,,,,FALSE,,,,,,,,,,,,,,FALSE,,,,,,,,,,,,,,,,,,,,,,,
1067,bret1244,Breton,,,,FALSE,,,,,,,,,,,,,FALSE,,,,,,,,,,,,,,,,,,,,,,,,,,,,,,,,,,,,,
2832,goth1244,Gothic,,,,FALSE,,,,,,FALSE,,,,,,,FALSE,,,,,,,,,,,,,,,,,,,,,,,,,,,,,,,,,,,,,
2856,oldn1244,Old Norse,,FALSE,,FALSE,,,,,,,,,,,,,FALSE,,,,,,,,,,,,,,,,,,,FALSE,,,,,,,,,,,,,,,,,,
2514,tapi1253,Tapiete,,FALSE,,FALSE,,,FALSE,,,FALSE,FALSE,,,,,,FALSE,,,,,,,FALSE,,,FALSE,,,,,,,FALSE,,FALSE,,,,,,,,,,,,,,,,,,
110,icel1247,Icelandic,,,,FALSE,,,,,,,,,,,,,FALSE,,,,,,,,,,,,,,,,,,,,,,,,,,,,,,,,,,,,,
633,kash1277,Kashmiri,,,,FALSE,,,,,,FALSE,FALSE,,,,,,FALSE,,,,,,,FALSE,,,,,,,,,,,,,,,,,,,,,,,,,,,,,,
3243,nort2646,Pashto (Northern),,FALSE,,,,,,,,,,,,,,,FALSE,,,,,,,,,,,,,,,,,,,,,,,,,,,,,,,,,,,,,
100,hitt1242,Hittite,FALSE,,,,,,,,,,,,,,,,,,,,,,,,,,,,,,,,,,,,,,,,,,,,,,,,,,,,,
2831,anci1242,Greek (Ancient),,,,FALSE,,,,,,,,,,,,,,FALSE,,,,,,,,,,,,,,,,,,,,,,,,,,,,,,,,,,,,
2833,olde1238,English (Old),,,,,,,,,,,,,,,,,FALSE,,,,,,,,,,,,,,,,,,,,,,,,,,,,,,,,,,,,,
641,oriy1255,Oriya,,FALSE,,,,,,,,FALSE,FALSE,FALSE,,,,,,FALSE,,,,,,,,,,,,,,,,,,,,,,,,,,,,,,,,,,,,
844,afri1274,Afrikaans,,,,,,,,,,,,,,,,,FALSE,,,,,,,,,,,,,,,,,,,,,,,,,,,,,,,,,,,,,
2854,oldh1241,High German (Old),,,,FALSE,,,,,,,,,,,,,FALSE,,,,,,,,,,,,,,,,,,,,,,,,,,,,,,,,,,,,,
2855,olds1250,Old Saxon,,,,FALSE,,,,,,,,,,,,,FALSE,,,,,,,,,,,,,,,,,,,,,,,,,,,,,,,,,,,,,
699,sans1269,Sanskrit,,,,,,,,,,,,,,,,,,FALSE,,,,,,,,,,,,,,,,,,,,,,,,,,,,,,,,,,,,
2360,caml1239,Camling,,TRUE,,,,,FALSE,,,,,,,,,,,FALSE,,,,,,,,,,,,,,,,,,,,,,,,,,,,,,,,,,,,
672,jing1260,Jingpho,FALSE,FALSE,,,,,,,,,,,,,,,,,,,,,,,,,,,,,,,,,,,,,,,,,,,,,,,,,,,,
3278,tsho1240,Tshobdun,,FALSE,,FALSE,,,,,,,,,,,,FALSE,,,,,,,,,,,,,,,,,,,,,,,,,,,FALSE,,,,,,,,,,,
1694,japh1234,Jiarong,,FALSE,,,,FALSE,,,,,FALSE,,,,,,,FALSE,,,,,,FALSE,,,,,,FALSE,,,,,,,,,,,,,,,,,,,,,,,,
552,lepc1244,Lepcha,,TRUE,,FALSE,,,,,,,,,,,,,,FALSE,,,,,,,,,,,,,,,,,,,,,,,,,,,,,,,,,,,,
691,tibe1272,Tibetan (Lhasa),,FALSE,,,,,,,,,,,,,,,FALSE,,,,,,,FALSE,,,,,,FALSE,,,,,,,,,,,,,,,,,,,FALSE,,,,,
2617,tsha1245,Tshangla,FALSE,FALSE,,,,,,,,,,,,,,,FALSE,,,,,,,,,,,,,,,,,,,,,,,,,,,,,,,,,FALSE,,,,
975,bard1255,Bardi,,,,,FALSE,FALSE,FALSE,,,,,,,,,,FALSE,FALSE,,FALSE,FALSE,,,,,,,,,,,,,,,TRUE,,,,,,,,,,,,,,,,,,
3312,west2368,Balochi (Western),,FALSE,,,,,,,,,,,,,,FALSE,FALSE,,,,,,,,,,,,,,,,,,,,,,,,,,,,,,,,,,,,,
2716,uppe1395,Sorbian (Upper),,FALSE,,,,,,,,,FALSE,,,,,,FALSE,,,,,,,,,,,,,,,,,,,,,,,,,,,,,,,,,,,,,
2916,wakh1245,Wakhi,,FALSE,,,,,,,,FALSE,,FALSE,,,,,FALSE,,,,,,,,,,,,,,,,,,,,,,,,,,,,,,,,,,,,,
2893,lati1261,Latin,,,,,,,,,,,FALSE,FALSE,,,,,,,,,,,,,,,,,,,,,,,,,,,,,,,,,,,,,,,,,,
1395,vlax1238,Romani (Vlax),,,,,,,,,,,FALSE,,,,,,FALSE,,,,,,,,,,,,,,,,,,,,,,,,,,,,,,,,,,,,,
3213,oldi1245,Irish (Old),FALSE,FALSE,,,,,FALSE,,,,,,,,,,,,,,,,,FALSE,,,,,,,,,,,,,,,,,,,,,,,,,,,,,,
1440,dutc1256,Dutch,,,,,,,,,,,,,,,,,FALSE,,,,,,,,,,,,,,,,,,,,,,,,,,,,,,,,,,,,,
710,faro1244,Faroese,,,,,,,,,,,,,,,,,FALSE,,,,,,,,,,,,,,,,,,,,,,,,,,,,,,,,,,,,,
1399,dara1250,Darai,FALSE,,,FALSE,,,,,,FALSE,,,,,,,,,,,,,,,,,FALSE,,,,,,,,,,,,,,,,,,,,,,,,,,,
2987,jams1239,Dogon (Jamsay),,FALSE,,,,,,,,,FALSE,,,,,,FALSE,,,,,,,,,,,,,,,,,,,,,,,,,,,,,,,,,,,,,
3239,atin1240,Laz (Pazar),,,,,,,,,,FALSE,FALSE,,FALSE,,,,FALSE,,,,FALSE,,FALSE,,,FALSE,,,,,,,,,,,,,,,,,,,,,,,,,FALSE,,,
1964,male1284,Maale,,FALSE,,FALSE,,,,,,FALSE,FALSE,,,,,,,,,,,,,FALSE,,,FALSE,,,,,,,,,,,,,,,,,,,,,,,,,,,
1203,cupe1243,Cupeño,,,,,,,,,,,FALSE,,,,FALSE,,,FALSE,,,FALSE,,,,,FALSE,FALSE,,,,,,,,,,,,,,,,,,,,,,,,,,,
689,lowl1265,Rarámuri,FALSE,,FALSE,,,,,,,,,,,,FALSE,,,FALSE,,,,,,,,FALSE,FALSE,,,,,,,,,,,,,,FALSE,FALSE,,,,,,,,,,,,
3313,tang1334,Tangut,,FALSE,,FALSE,,,,,,,,,FALSE,,,,,,,,,,,,,,,,,,,,,,,,,,,,,,,,,,,,,,,,,
2020,karb1241,Mikir,,FALSE,,FALSE,,,,,,FALSE,FALSE,,,,,,,,,,,FALSE,,,,,,,,,,,,,,,,,,,,,,,,,,,,,,FALSE,,
2180,rong1266,Rongmei Naga,,FALSE,,,,,,,,FALSE,,,,,,,,,,,,,,FALSE,,,,,,,,,,,,,,,,,,,,,,,,,,FALSE,,,,
3315,anuu1241,Hkongso,,TRUE,FALSE,FALSE,,,,,,,,,,,,,,,,,,,,,,,,,,,,,,,,,,,,,,,,,,,,,,,,,,
688,cora1260,Cora,,,FALSE,,,FALSE,,,,,,,,,FALSE,,,,,,FALSE,,,FALSE,,,,,,,,,,,,FALSE,,,,,,FALSE,,,,,,,,,,,,
368,tawa1275,Tawala,,,,,,,,,,,FALSE,,FALSE,,,,FALSE,,,,,,,,,FALSE,,FALSE,,,FALSE,,,,,,,,,,,,,,,,,,,,,,,
68,djin1251,Djingili,,,,,,,,FALSE,,,,,FALSE,,,,FALSE,,,,,FALSE,,,,,,,,,,,,,,,,,,,,,,,,,,,,,,,,
2196,narp1239,Nar-Phu,FALSE,FALSE,,,,,,,,,,,,,,,,,,,,,,FALSE,,,,,,,,,,,,,,,,,,,,,,,,,,,,,,
2871,nort2732,Northern Tujia,,FALSE,,,,,,,,,,,FALSE,,,,,,,,,,,,,,,,,,,,,,,,,,,,,,,,,,,,,,,,,
1765,pwoe1235,Karen (Pwo),,,,FALSE,,,,,,,,,,,,,,,,,,,,,,,,,,,,,,,,,,,,,,,,,,,,,,,,,,
1889,lisu1250,Lisu,,FALSE,,,,,,,,,,,,,,,,,,,,,,,,,,,,,,,,,,,,,,,,,,,,,,,,,,,,
2873,bant1281,Bantawa,,TRUE,,FALSE,,,,,,,FALSE,,,,,,FALSE,,,,,,,,,,,,,,,,,,,,,,,,,,,,,,,,,,,,,
3032,aton1241,Atong,FALSE,FALSE,,,,,,,,,,,,,,,,,,,,,,,,,,,,,,,,,,,,,,,,,,,,,,,,,,,,
1004,gahr1239,Bunan,,FALSE,FALSE,FALSE,FALSE,,,,,,,,,,,,FALSE,,,,,,,,,,FALSE,,,,,,,,,,,,,,,,,,,,,,,,,,,
1130,chep1245,Chepang,,,,,,,,,,,,,,,,,,FALSE,,,,,,,,,,,,,,,,,,,,,,,,,,,,,,,,,,,,
3326,situ1238,Jiǎomùzú,,,,,,,,,FALSE,,,,,,,,,FALSE,,,,,,,FALSE,,,,,,,,,,,,,,,,,,,,,,,,,,,,,
2217,nung1282,Anong,,,,,,,,,,,FALSE,,FALSE,,,FALSE,,,,,,,,,,,,,,,,,,,,,,,,,,,FALSE,,,,,,,,,,FALSE,
767,galo1242,Gallong,,FALSE,,FALSE,,,,,,,FALSE,,,,,,,,,,,,,,,,FALSE,,,,,,,,,,,,,,,,,,,,,,FALSE,,,,,
2563,than1259,Thangmi,,,,,,,,,,,,,,,,,,,,,,,,,,,,,,,,,,,,,,,,,,,,,,,,,,,,,,
3298,mong1332,Mongsen Khari,,FALSE,,,,,,,,,,,,,,,,,,,,,,,,,,,,,,,,,,,,,,,,,,,,,,,,,,,,FALSE
1317,dhim1246,Dhimal,,FALSE,,,,,,,,,,,,,,,FALSE,,,,,,,,,,,,,,,,,,,,,,,,,,,,,,,,,,,,,
3318,kurt1248,Kurtokha,,FALSE,,,,,,,,,FALSE,,,,,,,,,,,,,,,,FALSE,,,,,,,,,,,,,,,,,,,,,,,,,,,
735,raji1240,Raji,,FALSE,,,,,,,,,FALSE,,,,,,FALSE,,,,,,,,,,,,,,,,,,,,,,,,,,,,,,,,,,,,,
2186,tang1336,Naga (Tangkhul),,FALSE,,,,,,,,,,,,,,,FALSE,,,,,,,,,,,,,,,,,,,,,,,,,,,,,,,,,,,,,
1376,tase1235,Jugli,,FALSE,,,,,,,,,,,,,,,FALSE,,,,,,,,,,,,,,,,,,,,,,,,,,,,,,,,,,,,,
2662,yaku1245,Yakut,FALSE,FALSE,FALSE,,,,,,,,,,,,FALSE,,,,,,,FALSE,,,,,,,,,FALSE,,,,,,,,,,,,,,,,,,,,,,,
18,aleu1260,Aleut,FALSE,,FALSE,,,FALSE,,,,FALSE,,,,,FALSE,,,,,,,,,,,,FALSE,,,,FALSE,,,,,,,,,,,,,,,,,,,,,,,
2657,udih1248,Udihe,FALSE,,,,,,,,,FALSE,,,,,,,,,,,,,,,,,,,,,,,,FALSE,,,,,,,,,,,,,,,,,,,,
730,thak1245,Thakali,FALSE,,,,,,,,,,,,,,,,,,,,,,,,,,,,,,,,,,,,,,,,,,,,,,,,,,,,,
1480,esto1258,Estonian,,FALSE,FALSE,,,,,,,FALSE,,,,,,,,FALSE,,,,,,,,,,,,,,,,,,,,,,,,,,,,FALSE,,,,,FALSE,,,
3301,yong1270,Yongning Na,,FALSE,,,,,,,,,,,,,,,,,,,,,,,,,,,,,,,,,,,,,,,,,,,,,,,,,,,,
1388,darm1243,Darmiya,,FALSE,,,FALSE,,,,,,,,,,,,FALSE,,,,,,,,,,,,,,,,,,,,,,,,,,,,,,,,,,,,,
709,kild1236,Saami (Kildin),FALSE,FALSE,,,,FALSE,,,,FALSE,,,,,,,,,,,,,,,,,,,,,,,,,,,,,,,,,,,,,,,,,,,,
3006,shek1245,Sheko,,,FALSE,FALSE,,,,,,FALSE,FALSE,,,,,,,,,,,,,,,,,,,,,,,,,,,,,,,,,,,,,FALSE,,,,,,
3173,sida1246,Sidaama,,FALSE,FALSE,,,,,,,FALSE,,,,,,FALSE,,,,,,,,,,,,,,,FALSE,,,,,,,,,,,,,,,,,,,,,,,
2936,phal1254,Palula,,,,,,,,,,,FALSE,FALSE,,,,,,,,,,,,,,,,,,,,,,,,,,,,,,,,,,,,,,,,,,
701,sout2674,Saami (South),FALSE,,,,,,,,,FALSE,,,,,,,,,,,,,,,,,,,,,,,,,,,,,,,,,,,,,,,,,,,,
703,pite1240,Saami (Pite),,FALSE,FALSE,,,,,,,,,,,,,,,,,,,,,,,,,,,,,,,,,,,,,,,,,,,,,,,,,,,
628,byan1241,Byangsi,,FALSE,FALSE,,FALSE,,,,,,,,,,,,FALSE,,,,,,,,,,FALSE,,,,,,,,,,,,,,,,,,,,,,,,,,,
838,amdo1237,Amdo,FALSE,FALSE,,,,,,,,,,,,,,FALSE,,,,,,,,FALSE,,,,,,FALSE,,,,,,,,,,,,,,,,,,,,,,,,
1775,kulu1253,Kulung,,FALSE,,FALSE,,,,,,,FALSE,,,,,,FALSE,,,,,,,,,,,,,,,,,,,,,,,,,,,,,,,,,,,,,
1778,khal1275,Khaling,,FALSE,,FALSE,,,,,,,,,,,,,FALSE,,,,,,,,,,,,,,,,,,,,,,,,,,,,,,,,,,,,,
3272,zaiw1241,Zaiwa,,FALSE,,,,,,,,,FALSE,,,,,,,,,,,,,,,,,,,,,,,,,,,,,,,,,,,,,,,,,,,
786,rong1264,Rongpo,,FALSE,FALSE,,FALSE,,,,,,,,,,,,FALSE,,,,,,,,,,,,,,,,,,,,,,,,,,,,,,,,,,,,,
1914,lush1249,Mizo (Lushai),,FALSE,,,,,,,,,,,FALSE,,,FALSE,,,,,,,,,,,,,,,FALSE,,,,,,,,,,,,,,,,,,,,,,,
2824,clas1254,Tibetan (Classical),,FALSE,,FALSE,,,,,,,FALSE,,,,,FALSE,,,,,,,,,,,,,,FALSE,,,,,,,,,,,,,,,,,,,,,,,,
667,thul1246,Thulung (Mukli),,FALSE,,FALSE,,,,,,,FALSE,,,,,,FALSE,,,,,,,,,,,,FALSE,,,,,,,,,,,,,,,,,,,,,,,,,
3331,guan1266,Khroskyabs,,FALSE,,FALSE,,,,,,,FALSE,FALSE,,,,,,FALSE,,,,,,,,,,,,FALSE,,,,,,,,,,,,,,,,,,,,,,,,
2862,chhi1245,Chintang,FALSE,FALSE,FALSE,FALSE,,,,,,,FALSE,,,,,,,,,,,,,,,,,,,,,,,,,,,,,,,,,,,,,,,,,,,
