"LID","WordOrderAPLex","WordOrderAPBasicLex","WordOrderAVBasicLex","PositionVBasicLex","WordOrderAPVBasicLex","PositionVBasicLex.binned.v4","PositionVBasicLex.binned.v1","PositionVBasicLex.binned.v3","PositionVBasicLex.binned.v2","WordOrderPVBasicLex","WordOrderAPSecondaryLex","WordOrderAVSecondaryLex","PositionVSecondaryLex","WordOrderAPVSecondaryLex","PositionVSecondaryLex.binned.v4","PositionVSecondaryLex.binned.v1","PositionVSecondaryLex.binned.v3","PositionVSecondaryLex.binned.v2","WordOrderPVSecondaryLex","VFinalLex","VFinalOrFreeLex","WordOrderAPVLexFlexible","VInitialLex","VMedialLex","WordOrderSVBasicLex","WordOrderSVSecondaryLex"
70,"mixed","OA","head-dep","V=1","VOA","non_final","other","initial","other","head-dep","AO","head-dep","V=1","VAO","non_final","other","initial","other","head-dep","mixed","mixed","flexible","mixed","mixed","VS","SV"
370,"AO","AO","dep-head","V=3","AOV","final","final_or_free","other","other","dep-head",,,,,,,,,,"final","final_or_free","rigid","other","other",,
152,,,,"free","free",,"final_or_free","other","other",,,,,,,,,,,,"final_or_free","free","other","other","free",
9,,,,"free","free",,"final_or_free","other","other",,,,,,,,,,,,"final_or_free","free","other","other","free",
566,,,,"free","free",,"final_or_free","other","other",,,,,,,,,,,,"final_or_free","free","other","other","free",
90,"mixed","AO","dep-head","V=3","AOV","final","final_or_free","other","other","dep-head","OA","head-dep","V=2","OVA","non_final","other","other","medial","dep-head","mixed","mixed","flexible","mixed","mixed","free",
79,,,,"free","free",,"final_or_free","other","other",,,,,,,,,,,,"final_or_free","free","other","other","free",
59,,,,"free","free",,"final_or_free","other","other",,,,,,,,,,,,"final_or_free","free","other","other","free",
538,"AO","AO","dep-head","V=2","AVO","non_final","other","other","medial","head-dep",,,,,,,,,,"non_final","other","rigid","other","medial","SV",
10,,,,"free","free",,"final_or_free","other","other",,,,,,,,,,,,"final_or_free","free","other","other","SV",
1,"AO","AO","dep-head","V=3","AOV","final","final_or_free","other","other","dep-head",,,,,,,,,,"final","final_or_free","rigid","other","other","SV",
173,"OA","OA","head-dep","V=2","OVA","non_final","other","other","medial","dep-head",,,,,,,,,,"non_final","other","rigid","other","medial","SV",
2050,"AO","AO","dep-head","V=2","AVO","non_final","other","other","medial","head-dep",,,,,,,,,,"non_final","other","rigid","other","medial","SV",
428,,,,"free","free",,"final_or_free","other","other",,,,,,,,,,,,"final_or_free","free","other","other","SV",
2124,"AO","AO","dep-head","V=2","AVO","non_final","other","other","medial","head-dep",,,,,,,,,,"non_final","other","rigid","other","medial","SV",
2306,"AO","AO","dep-head","V=2","AVO","non_final","other","other","medial","head-dep",,,,,,,,,,"non_final","other","rigid","other","medial","VS",
2145,"AO","AO","dep-head","V=2","AVO","non_final","other","other","medial","head-dep",,,,,,,,,,"non_final","other","rigid","other","medial","VS",
372,"AO","AO","dep-head","V=2","AVO","non_final","other","other","medial","head-dep",,,,,,,,,,"non_final","other","rigid","other","medial","VS",
329,"mixed","AO","dep-head","V=2","AVO","non_final","other","other","medial","head-dep","OA","head-dep","V=2","OVA","non_final","other","other","medial","dep-head","mixed","mixed","flexible","mixed","mixed","VS",
77,"mixed","OA","head-dep","V=1","VOA","non_final","other","initial","other","head-dep","AO","head-dep","V=1","VAO","non_final","other","initial","other","head-dep","mixed","mixed","flexible","mixed","mixed","VS",
176,,,,"free","free",,"final_or_free","other","other",,,,,,,,,,,,"final_or_free","free","other","other","VS",
461,,,,"free","free",,"final_or_free","other","other",,,,,,,,,,,,"final_or_free","free","other","other","VS",
572,"AO","AO","dep-head","V=2","AVO","non_final","other","other","medial","head-dep",,,,,,,,,,"non_final","other","rigid","other","medial","VS",
131,"AO","AO","dep-head","V=3","AOV","final","final_or_free","other","other","dep-head",,,,,,,,,,"final","final_or_free","rigid","other","other","VS",
2308,"AO","AO","dep-head","V=2","AVO","non_final","other","other","medial","head-dep",,,,,,,,,,"non_final","other","rigid","other","medial","VS",
432,"mixed","OA","head-dep","V=2","OVA","non_final","other","other","medial","dep-head","OA","head-dep","V=1","VOA","non_final","other","initial","other","head-dep","mixed","mixed","flexible","mixed","mixed","VS",
150,,,,"free","free",,"final_or_free","other","other",,,,,,,,,,,,"final_or_free","free","other","other","VS",
47,"OA","OA","head-dep","V=1","VOA","non_final","other","initial","other","head-dep",,,,,,,,,,"non_final","other","rigid","initial","other","VS",
665,,,"head-dep","V=1","Vxx","non_final","other","initial","other","head-dep",,,,,,,,,,"non_final","other","flexible","initial","other","VS",
141,"AO","AO","dep-head","V=3","AOV","final","final_or_free","other","other","dep-head",,,,,,,,,,"final","final_or_free","rigid","other","other",,
23,"AO","AO","head-dep","V=1","VAO","non_final","other","initial","other","head-dep",,,,,,,,,,"non_final","other","rigid","initial","other",,
166,"AO","AO","dep-head","V=2","AVO","non_final","other","other","medial","head-dep",,,,,,,,,,"non_final","other","rigid","other","medial",,
340,"AO","AO","dep-head","V=2","AVO","non_final","other","other","medial","head-dep",,,,,,,,,,"non_final","other","rigid","other","medial",,
2023,"mixed","AO","dep-head","V=2","AVO","non_final","other","other","medial","head-dep","OA","head-dep","V=1","VOA","non_final","other","initial","other","head-dep","mixed","mixed","flexible","mixed","mixed",,
433,"AO","AO","dep-head","V=3","AOV","final","final_or_free","other","other","dep-head",,,,,,,,,,"final","final_or_free","rigid","other","other",,
612,"mixed",,,"free","free",,"final_or_free","other","other",,"AO","dep-head","V=3","AOV","final","final_or_free","other","other","dep-head","mixed","mixed","free","mixed","mixed",,
107,"mixed","AO","dep-head","V=2","AVO","non_final","other","other","medial","head-dep","AO","dep-head","V=3","AOV","final","final_or_free","other","other","dep-head","mixed","mixed","flexible","mixed","mixed",,
844,"mixed","AO",,"V=2","V-2","non_final","other","other","medial",,"AO","dep-head","V=3","AOV","final","final_or_free","other","other","dep-head","mixed","mixed","flexible","mixed","mixed",,
51,"mixed","AO","dep-head","V=2","AVO","non_final","other","other","medial","head-dep","AO","dep-head","V=3","AOV","final","final_or_free","other","other","dep-head","mixed","mixed","flexible","mixed","mixed",,
133,"mixed","OA","dep-head","V=3","OAV","final","final_or_free","other","other","dep-head","AO","dep-head","V=3","AOV","final","final_or_free","other","other","dep-head","mixed","mixed","flexible","mixed","mixed",,
114,"mixed","AO",,"V=2","V-2","non_final","other","other","medial",,"AO","dep-head","V=3","AOV","final","final_or_free","other","other","dep-head","mixed","mixed","flexible","mixed","mixed",,
87,"mixed","AO",,"V=2","V-2","non_final","other","other","medial",,"AO","dep-head","V=3","AOV","final","final_or_free","other","other","dep-head","mixed","mixed","flexible","mixed","mixed",,
111,"mixed","AO","head-dep","V=1","VAO","non_final","other","initial","other","head-dep","AO","dep-head","V=2","AVO","non_final","other","other","medial","head-dep","mixed","mixed","flexible","mixed","mixed",,
325,"mixed","AO","dep-head","V=3","AOV","final","final_or_free","other","other","dep-head","AO","dep-head","V=2","AVO","non_final","other","other","medial","head-dep","mixed","mixed","flexible","mixed","mixed",,
86,"mixed","AO","dep-head","V=3","AOV","final","final_or_free","other","other","dep-head","AO","dep-head","V=2","AVO","non_final","other","other","medial","head-dep","mixed","mixed","flexible","mixed","mixed",,
139,"mixed","AO","dep-head","V=3","AOV","final","final_or_free","other","other","dep-head","AO","dep-head","V=2","AVO","non_final","other","other","medial","head-dep","mixed","mixed","flexible","mixed","mixed",,
163,"mixed","AO","dep-head","V=3","AOV","final","final_or_free","other","other","dep-head","AO","dep-head","V=2","AVO","non_final","other","other","medial","head-dep","mixed","mixed","flexible","mixed","mixed",,
1528,"mixed","AO","head-dep","V=1","VAO","non_final","other","initial","other","head-dep","AO","dep-head","V=2","AVO","non_final","other","other","medial","head-dep","mixed","mixed","flexible","mixed","mixed",,
502,"AO","AO","dep-head","V=3","AOV","final","final_or_free","other","other","dep-head",,,,,,,,,,"final","final_or_free","rigid","other","other",,
429,"AO","AO","dep-head","V=3","AOV","final","final_or_free","other","other","dep-head",,,,,,,,,,"final","final_or_free","rigid","other","other",,
2779,"AO","AO","dep-head","V=3","AOV","final","final_or_free","other","other","dep-head",,,,,,,,,,"final","final_or_free","rigid","other","other",,
6,"AO","AO","dep-head","V=3","AOV","final","final_or_free","other","other","dep-head",,,,,,,,,,"final","final_or_free","rigid","other","other",,
872,"AO","AO","dep-head","V=3","AOV","final","final_or_free","other","other","dep-head",,,,,,,,,,"final","final_or_free","rigid","other","other",,
444,"mixed","AO","dep-head","V=2","AVO","non_final","other","other","medial","head-dep","OA","head-dep","V=1","VOA","non_final","other","initial","other","head-dep","mixed","mixed","flexible","mixed","mixed",,
155,"AO","AO","dep-head","V=3","AOV","final","final_or_free","other","other","dep-head",,,,,,,,,,"final","final_or_free","rigid","other","other",,
93,"mixed","AO","dep-head","V=3","AOV","final","final_or_free","other","other","dep-head",,,"free","free",,"final_or_free","other","other",,"mixed","final_or_free","free","mixed","mixed",,
691,"AO","AO","dep-head","V=3","AOV","final","final_or_free","other","other","dep-head",,,,,,,,,,"final","final_or_free","rigid","other","other",,
14,"AO","AO","dep-head","V=3","AOV","final","final_or_free","other","other","dep-head",,,,,,,,,,"final","final_or_free","rigid","other","other",,
413,"AO","AO","dep-head","V=3","AOV","final","final_or_free","other","other","dep-head",,,,,,,,,,"final","final_or_free","rigid","other","other",,
396,"AO","AO","dep-head","V=3","AOV","final","final_or_free","other","other","dep-head",,,,,,,,,,"final","final_or_free","rigid","other","other",,
109,"AO","AO","dep-head","V=3","AOV","final","final_or_free","other","other","dep-head",,,,,,,,,,"final","final_or_free","rigid","other","other",,
132,"AO","AO","dep-head","V=3","AOV","final","final_or_free","other","other","dep-head",,,,,,,,,,"final","final_or_free","rigid","other","other",,
501,"AO","AO","dep-head","V=3","AOV","final","final_or_free","other","other","dep-head",,,,,,,,,,"final","final_or_free","rigid","other","other",,
395,"AO","AO","dep-head","V=3","AOV","final","final_or_free","other","other","dep-head",,,,,,,,,,"final","final_or_free","rigid","other","other",,
134,"AO","AO","dep-head","V=3","AOV","final","final_or_free","other","other","dep-head",,,,,,,,,,"final","final_or_free","rigid","other","other",,
33,"AO","AO","dep-head","V=3","AOV","final","final_or_free","other","other","dep-head",,,,,,,,,,"final","final_or_free","rigid","other","other",,
518,"AO","AO","dep-head","V=3","AOV","final","final_or_free","other","other","dep-head",,,,,,,,,,"final","final_or_free","rigid","other","other",,
115,"AO","AO","dep-head","V=3","AOV","final","final_or_free","other","other","dep-head",,,,,,,,,,"final","final_or_free","rigid","other","other",,
347,"AO","AO","dep-head","V=3","AOV","final","final_or_free","other","other","dep-head",,,,,,,,,,"final","final_or_free","rigid","other","other",,
207,"AO","AO","dep-head","V=3","AOV","final","final_or_free","other","other","dep-head",,,,,,,,,,"final","final_or_free","rigid","other","other",,
100,"AO","AO","dep-head","V=3","AOV","final","final_or_free","other","other","dep-head",,,,,,,,,,"final","final_or_free","rigid","other","other",,
156,"AO","AO","dep-head","V=3","AOV","final","final_or_free","other","other","dep-head",,,,,,,,,,"final","final_or_free","rigid","other","other",,
358,"AO","AO","dep-head","V=3","AOV","final","final_or_free","other","other","dep-head",,,,,,,,,,"final","final_or_free","rigid","other","other",,
463,"AO","AO","dep-head","V=3","AOV","final","final_or_free","other","other","dep-head",,,,,,,,,,"final","final_or_free","rigid","other","other",,
339,"AO","AO","dep-head","V=3","AOV","final","final_or_free","other","other","dep-head",,,,,,,,,,"final","final_or_free","rigid","other","other",,
197,"AO","AO","dep-head","V=3","AOV","final","final_or_free","other","other","dep-head",,,,,,,,,,"final","final_or_free","rigid","other","other",,
363,"AO","AO","dep-head","V=3","AOV","final","final_or_free","other","other","dep-head",,,,,,,,,,"final","final_or_free","rigid","other","other",,
608,"AO","AO","dep-head","V=3","AOV","final","final_or_free","other","other","dep-head",,,,,,,,,,"final","final_or_free","rigid","other","other",,
534,"AO","AO","dep-head","V=3","AOV","final","final_or_free","other","other","dep-head",,,,,,,,,,"final","final_or_free","rigid","other","other",,
130,"AO","AO","dep-head","V=3","AOV","final","final_or_free","other","other","dep-head",,,,,,,,,,"final","final_or_free","rigid","other","other",,
525,"AO","AO","dep-head","V=3","AOV","final","final_or_free","other","other","dep-head",,,,,,,,,,"final","final_or_free","rigid","other","other",,
38,"AO","AO","dep-head","V=3","AOV","final","final_or_free","other","other","dep-head",,,,,,,,,,"final","final_or_free","rigid","other","other",,
497,"AO","AO","dep-head","V=3","AOV","final","final_or_free","other","other","dep-head",,,,,,,,,,"final","final_or_free","rigid","other","other",,
103,"AO","AO","dep-head","V=3","AOV","final","final_or_free","other","other","dep-head",,,,,,,,,,"final","final_or_free","rigid","other","other",,
2983,"AO","AO","dep-head","V=3","AOV","final","final_or_free","other","other","dep-head",,,,,,,,,,"final","final_or_free","rigid","other","other",,
646,"AO","AO","dep-head","V=3","AOV","final","final_or_free","other","other","dep-head",,,,,,,,,,"final","final_or_free","rigid","other","other",,
648,"AO","AO","dep-head","V=3","AOV","final","final_or_free","other","other","dep-head",,,,,,,,,,"final","final_or_free","rigid","other","other",,
172,"AO","AO","dep-head","V=3","AOV","final","final_or_free","other","other","dep-head",,,,,,,,,,"final","final_or_free","rigid","other","other",,
377,"AO","AO","dep-head","V=3","AOV","final","final_or_free","other","other","dep-head",,,,,,,,,,"final","final_or_free","rigid","other","other",,
142,"AO","AO","dep-head","V=3","AOV","final","final_or_free","other","other","dep-head",,,,,,,,,,"final","final_or_free","rigid","other","other",,
2919,"AO","AO","dep-head","V=3","AOV","final","final_or_free","other","other","dep-head",,,,,,,,,,"final","final_or_free","rigid","other","other",,
2930,"AO","AO","dep-head","V=3","AOV","final","final_or_free","other","other","dep-head",,,,,,,,,,"final","final_or_free","rigid","other","other",,
223,"AO","AO","dep-head","V=3","AOV","final","final_or_free","other","other","dep-head",,,,,,,,,,"final","final_or_free","rigid","other","other",,
641,"AO","AO","dep-head","V=3","AOV","final","final_or_free","other","other","dep-head",,,,,,,,,,"final","final_or_free","rigid","other","other",,
225,"AO","AO","dep-head","V=3","AOV","final","final_or_free","other","other","dep-head",,,,,,,,,,"final","final_or_free","rigid","other","other",,
199,"AO","AO","dep-head","V=3","AOV","final","final_or_free","other","other","dep-head",,,,,,,,,,"final","final_or_free","rigid","other","other",,
64,"AO","AO","dep-head","V=3","AOV","final","final_or_free","other","other","dep-head",,,,,,,,,,"final","final_or_free","rigid","other","other",,
50,"AO","AO","dep-head","V=3","AOV","final","final_or_free","other","other","dep-head",,,,,,,,,,"final","final_or_free","rigid","other","other",,
1531,"AO","AO","dep-head","V=3","AOV","final","final_or_free","other","other","dep-head",,,,,,,,,,"final","final_or_free","rigid","other","other",,
69,"AO","AO","dep-head","V=3","AOV","final","final_or_free","other","other","dep-head",,,,,,,,,,"final","final_or_free","rigid","other","other",,
323,"AO","AO","dep-head","V=3","AOV","final","final_or_free","other","other","dep-head",,,,,,,,,,"final","final_or_free","rigid","other","other",,
28,"AO","AO","dep-head","V=3","AOV","final","final_or_free","other","other","dep-head",,,,,,,,,,"final","final_or_free","rigid","other","other",,
352,"AO","AO","dep-head","V=3","AOV","final","final_or_free","other","other","dep-head",,,,,,,,,,"final","final_or_free","rigid","other","other",,
20,"AO","AO","dep-head","V=3","AOV","final","final_or_free","other","other","dep-head",,,,,,,,,,"final","final_or_free","rigid","other","other",,
505,"AO","AO","dep-head","V=3","AOV","final","final_or_free","other","other","dep-head",,,,,,,,,,"final","final_or_free","rigid","other","other",,
2971,"AO","AO","dep-head","V=3","AOV","final","final_or_free","other","other","dep-head",,,,,,,,,,"final","final_or_free","rigid","other","other",,
393,"AO","AO","dep-head","V=3","AOV","final","final_or_free","other","other","dep-head",,,,,,,,,,"final","final_or_free","rigid","other","other",,
54,"AO","AO","dep-head","V=3","AOV","final","final_or_free","other","other","dep-head",,,,,,,,,,"final","final_or_free","rigid","other","other",,
118,"AO","AO","dep-head","V=3","AOV","final","final_or_free","other","other","dep-head",,,,,,,,,,"final","final_or_free","rigid","other","other",,
191,"AO","AO","dep-head","V=3","AOV","final","final_or_free","other","other","dep-head",,,,,,,,,,"final","final_or_free","rigid","other","other",,
368,"AO","AO","dep-head","V=3","AOV","final","final_or_free","other","other","dep-head",,,,,,,,,,"final","final_or_free","rigid","other","other",,
116,"AO","AO","dep-head","V=3","AOV","final","final_or_free","other","other","dep-head",,,,,,,,,,"final","final_or_free","rigid","other","other",,
676,"AO","AO","dep-head","V=3","AOV","final","final_or_free","other","other","dep-head",,,,,,,,,,"final","final_or_free","rigid","other","other",,
21,"AO","AO","dep-head","V=3","AOV","final","final_or_free","other","other","dep-head",,,,,,,,,,"final","final_or_free","rigid","other","other",,
40,"AO","AO","dep-head","V=3","AOV","final","final_or_free","other","other","dep-head",,,,,,,,,,"final","final_or_free","rigid","other","other",,
324,"AO","AO","dep-head","V=3","AOV","final","final_or_free","other","other","dep-head",,,,,,,,,,"final","final_or_free","rigid","other","other",,
126,"AO","AO","dep-head","V=3","AOV","final","final_or_free","other","other","dep-head",,,,,,,,,,"final","final_or_free","rigid","other","other",,
201,"AO","AO","dep-head","V=3","AOV","final","final_or_free","other","other","dep-head",,,,,,,,,,"final","final_or_free","rigid","other","other",,
73,"AO","AO","dep-head","V=3","AOV","final","final_or_free","other","other","dep-head",,,,,,,,,,"final","final_or_free","rigid","other","other",,
640,"AO","AO","dep-head","V=3","AOV","final","final_or_free","other","other","dep-head",,,,,,,,,,"final","final_or_free","rigid","other","other",,
32,"AO","AO","dep-head","V=3","AOV","final","final_or_free","other","other","dep-head",,,,,,,,,,"final","final_or_free","rigid","other","other",,
200,"AO","AO","dep-head","V=3","AOV","final","final_or_free","other","other","dep-head",,,,,,,,,,"final","final_or_free","rigid","other","other",,
628,"AO","AO","dep-head","V=3","AOV","final","final_or_free","other","other","dep-head",,,,,,,,,,"final","final_or_free","rigid","other","other",,
45,"AO","AO","dep-head","V=3","AOV","final","final_or_free","other","other","dep-head",,,,,,,,,,"final","final_or_free","rigid","other","other",,
391,"AO","AO","dep-head","V=3","AOV","final","final_or_free","other","other","dep-head",,,,,,,,,,"final","final_or_free","rigid","other","other",,
690,"AO","AO","dep-head","V=3","AOV","final","final_or_free","other","other","dep-head",,,,,,,,,,"final","final_or_free","rigid","other","other",,
95,"AO","AO","dep-head","V=3","AOV","final","final_or_free","other","other","dep-head",,,,,,,,,,"final","final_or_free","rigid","other","other",,
649,"AO","AO","dep-head","V=3","AOV","final","final_or_free","other","other","dep-head",,,,,,,,,,"final","final_or_free","rigid","other","other",,
184,"AO","AO","dep-head","V=3","AOV","final","final_or_free","other","other","dep-head",,,,,,,,,,"final","final_or_free","rigid","other","other",,
350,"AO","AO","dep-head","V=3","AOV","final","final_or_free","other","other","dep-head",,,,,,,,,,"final","final_or_free","rigid","other","other",,
375,"AO","AO","dep-head","V=3","AOV","final","final_or_free","other","other","dep-head",,,,,,,,,,"final","final_or_free","rigid","other","other",,
35,"AO","AO","dep-head","V=3","AOV","final","final_or_free","other","other","dep-head",,,,,,,,,,"final","final_or_free","rigid","other","other",,
550,"AO","AO","dep-head","V=3","AOV","final","final_or_free","other","other","dep-head",,,,,,,,,,"final","final_or_free","rigid","other","other",,
465,"AO","AO","dep-head","V=3","AOV","final","final_or_free","other","other","dep-head",,,,,,,,,,"final","final_or_free","rigid","other","other",,
326,"AO","AO","dep-head","V=3","AOV","final","final_or_free","other","other","dep-head",,,,,,,,,,"final","final_or_free","rigid","other","other",,
580,"AO","AO","dep-head","V=3","AOV","final","final_or_free","other","other","dep-head",,,,,,,,,,"final","final_or_free","rigid","other","other",,
228,"AO","AO","dep-head","V=3","AOV","final","final_or_free","other","other","dep-head",,,,,,,,,,"final","final_or_free","rigid","other","other",,
81,"AO","AO","dep-head","V=3","AOV","final","final_or_free","other","other","dep-head",,,,,,,,,,"final","final_or_free","rigid","other","other",,
196,"AO","AO","dep-head","V=3","AOV","final","final_or_free","other","other","dep-head",,,,,,,,,,"final","final_or_free","rigid","other","other",,
514,"AO","AO","dep-head","V=3","AOV","final","final_or_free","other","other","dep-head",,,,,,,,,,"final","final_or_free","rigid","other","other",,
663,"AO","AO","dep-head","V=3","AOV","final","final_or_free","other","other","dep-head",,,,,,,,,,"final","final_or_free","rigid","other","other",,
146,"AO","AO","dep-head","V=3","AOV","final","final_or_free","other","other","dep-head",,,,,,,,,,"final","final_or_free","rigid","other","other",,
387,"AO","AO","dep-head","V=3","AOV","final","final_or_free","other","other","dep-head",,,,,,,,,,"final","final_or_free","rigid","other","other",,
666,"AO","AO","dep-head","V=3","AOV","final","final_or_free","other","other","dep-head",,,,,,,,,,"final","final_or_free","rigid","other","other",,
397,"AO","AO","dep-head","V=3","AOV","final","final_or_free","other","other","dep-head",,,,,,,,,,"final","final_or_free","rigid","other","other",,
61,"AO","AO","dep-head","V=3","AOV","final","final_or_free","other","other","dep-head",,,,,,,,,,"final","final_or_free","rigid","other","other",,
423,"AO","AO","dep-head","V=3","AOV","final","final_or_free","other","other","dep-head",,,,,,,,,,"final","final_or_free","rigid","other","other",,
407,"AO","AO","dep-head","V=3","AOV","final","final_or_free","other","other","dep-head",,,,,,,,,,"final","final_or_free","rigid","other","other",,
12,"AO","AO","dep-head","V=3","AOV","final","final_or_free","other","other","dep-head",,,,,,,,,,"final","final_or_free","rigid","other","other",,
2031,"AO","AO","dep-head","V=3","AOV","final","final_or_free","other","other","dep-head",,,,,,,,,,"final","final_or_free","rigid","other","other",,
2500,"AO","AO","dep-head","V=3","AOV","final","final_or_free","other","other","dep-head",,,,,,,,,,"final","final_or_free","rigid","other","other",,
355,"AO","AO","dep-head","V=3","AOV","final","final_or_free","other","other","dep-head",,,,,,,,,,"final","final_or_free","rigid","other","other",,
72,"AO","AO","dep-head","V=3","AOV","final","final_or_free","other","other","dep-head",,,,,,,,,,"final","final_or_free","rigid","other","other",,
18,"AO","AO","dep-head","V=3","AOV","final","final_or_free","other","other","dep-head",,,,,,,,,,"final","final_or_free","rigid","other","other",,
136,"AO","AO","dep-head","V=3","AOV","final","final_or_free","other","other","dep-head",,,,,,,,,,"final","final_or_free","rigid","other","other",,
2862,"AO","AO","dep-head","V=3","AOV","final","final_or_free","other","other","dep-head",,,,,,,,,,"final","final_or_free","rigid","other","other",,
34,"AO","AO","dep-head","V=3","AOV","final","final_or_free","other","other","dep-head",,,,,,,,,,"final","final_or_free","rigid","other","other",,
639,"AO","AO","dep-head","V=3","AOV","final","final_or_free","other","other","dep-head",,,,,,,,,,"final","final_or_free","rigid","other","other",,
418,"AO","AO","dep-head","V=3","AOV","final","final_or_free","other","other","dep-head",,,,,,,,,,"final","final_or_free","rigid","other","other",,
221,"AO","AO","dep-head","V=3","AOV","final","final_or_free","other","other","dep-head",,,,,,,,,,"final","final_or_free","rigid","other","other",,
168,"AO","AO","dep-head","V=3","AOV","final","final_or_free","other","other","dep-head",,,,,,,,,,"final","final_or_free","rigid","other","other",,
440,"AO","AO","dep-head","V=3","AOV","final","final_or_free","other","other","dep-head",,,,,,,,,,"final","final_or_free","rigid","other","other",,
2935,"AO","AO","dep-head","V=3","AOV","final","final_or_free","other","other","dep-head",,,,,,,,,,"final","final_or_free","rigid","other","other",,
26,"AO","AO","dep-head","V=3","AOV","final","final_or_free","other","other","dep-head",,,,,,,,,,"final","final_or_free","rigid","other","other",,
2980,"AO","AO","dep-head","V=3","AOV","final","final_or_free","other","other","dep-head",,,,,,,,,,"final","final_or_free","rigid","other","other",,
454,"AO","AO","dep-head","V=3","AOV","final","final_or_free","other","other","dep-head",,,,,,,,,,"final","final_or_free","rigid","other","other",,
2984,"AO","AO","dep-head","V=3","AOV","final","final_or_free","other","other","dep-head",,,,,,,,,,"final","final_or_free","rigid","other","other",,
348,"AO","AO","dep-head","V=3","AOV","final","final_or_free","other","other","dep-head",,,,,,,,,,"final","final_or_free","rigid","other","other",,
635,"AO","AO","dep-head","V=3","AOV","final","final_or_free","other","other","dep-head",,,,,,,,,,"final","final_or_free","rigid","other","other",,
1692,"AO","AO","dep-head","V=3","AOV","final","final_or_free","other","other","dep-head",,,,,,,,,,"final","final_or_free","rigid","other","other",,
1276,"AO","AO","dep-head","V=3","AOV","final","final_or_free","other","other","dep-head",,,,,,,,,,"final","final_or_free","rigid","other","other",,
108,"OA","OA","dep-head","V=3","OAV","final","final_or_free","other","other","dep-head",,,,,,,,,,"final","final_or_free","rigid","other","other",,
2969,"AO","AO","head-dep","V=1","VAO","non_final","other","initial","other","head-dep",,,,,,,,,,"non_final","other","rigid","initial","other",,
165,"AO","AO","dep-head","V=2","AVO","non_final","other","other","medial","head-dep",,,,,,,,,,"non_final","other","rigid","other","medial",,
145,"AO","AO","dep-head","V=3","AOV","final","final_or_free","other","other","dep-head",,,,,,,,,,"final","final_or_free","rigid","other","other",,
494,"AO","AO","dep-head","V=2","AVO","non_final","other","other","medial","head-dep",,,,,,,,,,"non_final","other","rigid","other","medial",,
2925,"AO","AO","dep-head","V=3","AOV","final","final_or_free","other","other","dep-head",,,,,,,,,,"final","final_or_free","rigid","other","other",,
205,"AO","AO","dep-head","V=3","AOV","final","final_or_free","other","other","dep-head",,,,,,,,,,"final","final_or_free","rigid","other","other",,
469,"AO","AO","dep-head","V=3","AOV","final","final_or_free","other","other","dep-head",,,,,,,,,,"final","final_or_free","rigid","other","other",,
170,"AO","AO","dep-head","V=3","AOV","final","final_or_free","other","other","dep-head",,,,,,,,,,"final","final_or_free","rigid","other","other",,
618,"AO","AO","dep-head","V=3","AOV","final","final_or_free","other","other","dep-head",,,,,,,,,,"final","final_or_free","rigid","other","other",,
1143,"AO","AO","dep-head","V=3","AOV","final","final_or_free","other","other","dep-head",,,,,,,,,,"final","final_or_free","rigid","other","other",,
182,"AO","AO","dep-head","V=2","AVO","non_final","other","other","medial","head-dep",,,,,,,,,,"non_final","other","rigid","other","medial",,
135,"AO","AO","dep-head","V=3","AOV","final","final_or_free","other","other","dep-head",,,,,,,,,,"final","final_or_free","rigid","other","other",,
188,"AO","AO","dep-head","V=3","AOV","final","final_or_free","other","other","dep-head",,,,,,,,,,"final","final_or_free","rigid","other","other",,
385,"AO","AO","dep-head","V=3","AOV","final","final_or_free","other","other","dep-head",,,,,,,,,,"final","final_or_free","rigid","other","other",,
379,"AO","AO","dep-head","V=3","AOV","final","final_or_free","other","other","dep-head",,,,,,,,,,"final","final_or_free","rigid","other","other",,
129,"AO","AO","dep-head","V=3","AOV","final","final_or_free","other","other","dep-head",,,,,,,,,,"final","final_or_free","rigid","other","other",,
481,"AO","AO","dep-head","V=3","AOV","final","final_or_free","other","other","dep-head",,,,,,,,,,"final","final_or_free","rigid","other","other",,
202,"AO","AO","dep-head","V=3","AOV","final","final_or_free","other","other","dep-head",,,,,,,,,,"final","final_or_free","rigid","other","other",,
345,"AO","AO","dep-head","V=3","AOV","final","final_or_free","other","other","dep-head",,,,,,,,,,"final","final_or_free","rigid","other","other",,
631,"AO","AO","dep-head","V=3","AOV","final","final_or_free","other","other","dep-head",,,,,,,,,,"final","final_or_free","rigid","other","other",,
2954,"AO","AO","dep-head","V=2","AVO","non_final","other","other","medial","head-dep",,,,,,,,,,"non_final","other","rigid","other","medial",,
382,"AO","AO","dep-head","V=3","AOV","final","final_or_free","other","other","dep-head",,,,,,,,,,"final","final_or_free","rigid","other","other",,
65,"AO","AO","dep-head","V=3","AOV","final","final_or_free","other","other","dep-head",,,,,,,,,,"final","final_or_free","rigid","other","other",,
386,"AO","AO","dep-head","V=3","AOV","final","final_or_free","other","other","dep-head",,,,,,,,,,"final","final_or_free","rigid","other","other",,
434,"AO","AO","dep-head","V=3","AOV","final","final_or_free","other","other","dep-head",,,,,,,,,,"final","final_or_free","rigid","other","other",,
406,"AO","AO","dep-head","V=3","AOV","final","final_or_free","other","other","dep-head",,,,,,,,,,"final","final_or_free","rigid","other","other",,
2993,"AO","AO","dep-head","V=3","AOV","final","final_or_free","other","other","dep-head",,,,,,,,,,"final","final_or_free","rigid","other","other",,
398,,,"dep-head","V=3","xxV","final","final_or_free","other","other","dep-head",,,,,,,,,,"final","final_or_free","flexible","other","other",,
535,"AO","AO","dep-head","V=3","AOV","final","final_or_free","other","other","dep-head",,,,,,,,,,"final","final_or_free","rigid","other","other",,
824,"AO","AO","dep-head","V=3","AOV","final","final_or_free","other","other","dep-head",,,,,,,,,,"final","final_or_free","rigid","other","other",,
441,"AO","AO","dep-head","V=3","AOV","final","final_or_free","other","other","dep-head",,,,,,,,,,"final","final_or_free","rigid","other","other",,
193,"AO","AO","dep-head","V=3","AOV","final","final_or_free","other","other","dep-head",,,,,,,,,,"final","final_or_free","rigid","other","other",,
422,"AO","AO","dep-head","V=3","AOV","final","final_or_free","other","other","dep-head",,,,,,,,,,"final","final_or_free","rigid","other","other",,
443,"AO","AO","dep-head","V=2","AVO","non_final","other","other","medial","head-dep",,,,,,,,,,"non_final","other","rigid","other","medial",,
99,"AO","AO","dep-head","V=3","AOV","final","final_or_free","other","other","dep-head",,,,,,,,,,"final","final_or_free","rigid","other","other",,
599,"AO","AO","dep-head","V=3","AOV","final","final_or_free","other","other","dep-head",,,,,,,,,,"final","final_or_free","rigid","other","other",,
456,"AO","AO","dep-head","V=3","AOV","final","final_or_free","other","other","dep-head",,,,,,,,,,"final","final_or_free","rigid","other","other",,
2992,"AO","AO","dep-head","V=3","AOV","final","final_or_free","other","other","dep-head",,,,,,,,,,"final","final_or_free","rigid","other","other",,
503,"AO","AO","dep-head","V=3","AOV","final","final_or_free","other","other","dep-head",,,,,,,,,,"final","final_or_free","rigid","other","other",,
364,"AO","AO","dep-head","V=3","AOV","final","final_or_free","other","other","dep-head",,,,,,,,,,"final","final_or_free","rigid","other","other",,
519,"AO","AO","dep-head","V=3","AOV","final","final_or_free","other","other","dep-head",,,,,,,,,,"final","final_or_free","rigid","other","other",,
367,"AO","AO","dep-head","V=3","AOV","final","final_or_free","other","other","dep-head",,,,,,,,,,"final","final_or_free","rigid","other","other",,
194,"AO","AO","dep-head","V=3","AOV","final","final_or_free","other","other","dep-head",,,,,,,,,,"final","final_or_free","rigid","other","other",,
656,"AO","AO","dep-head","V=3","AOV","final","final_or_free","other","other","dep-head",,,,,,,,,,"final","final_or_free","rigid","other","other",,
147,"AO","AO","dep-head","V=3","AOV","final","final_or_free","other","other","dep-head",,,,,,,,,,"final","final_or_free","rigid","other","other",,
123,"AO","AO","dep-head","V=3","AOV","final","final_or_free","other","other","dep-head",,,,,,,,,,"final","final_or_free","rigid","other","other",,
660,"AO","AO","dep-head","V=3","AOV","final","final_or_free","other","other","dep-head",,,,,,,,,,"final","final_or_free","rigid","other","other",,
15,"AO","AO","dep-head","V=3","AOV","final","final_or_free","other","other","dep-head",,,,,,,,,,"final","final_or_free","rigid","other","other",,
662,"AO","AO","dep-head","V=3","AOV","final","final_or_free","other","other","dep-head",,,,,,,,,,"final","final_or_free","rigid","other","other",,
3006,"AO","AO","dep-head","V=3","AOV","final","final_or_free","other","other","dep-head",,,,,,,,,,"final","final_or_free","rigid","other","other",,
664,"AO","AO","dep-head","V=3","AOV","final","final_or_free","other","other","dep-head",,,,,,,,,,"final","final_or_free","rigid","other","other",,
154,"AO","AO","dep-head","V=3","AOV","final","final_or_free","other","other","dep-head",,,,,,,,,,"final","final_or_free","rigid","other","other",,
637,"AO","AO","dep-head","V=3","AOV","final","final_or_free","other","other","dep-head",,,,,,,,,,"final","final_or_free","rigid","other","other",,
360,"AO","AO","dep-head","V=3","AOV","final","final_or_free","other","other","dep-head",,,,,,,,,,"final","final_or_free","rigid","other","other",,
2897,"AO","AO","dep-head","V=3","AOV","final","final_or_free","other","other","dep-head",,,,,,,,,,"final","final_or_free","rigid","other","other",,
2918,"AO","AO","dep-head","V=3","AOV","final","final_or_free","other","other","dep-head",,,,,,,,,,"final","final_or_free","rigid","other","other",,
104,"AO","AO","dep-head","V=3","AOV","final","final_or_free","other","other","dep-head",,,,,,,,,,"final","final_or_free","rigid","other","other",,
2929,"AO","AO","dep-head","V=3","AOV","final","final_or_free","other","other","dep-head",,,,,,,,,,"final","final_or_free","rigid","other","other",,
629,"AO","AO","dep-head","V=3","AOV","final","final_or_free","other","other","dep-head",,,,,,,,,,"final","final_or_free","rigid","other","other",,
526,"AO","AO","dep-head","V=3","AOV","final","final_or_free","other","other","dep-head",,,,,,,,,,"final","final_or_free","rigid","other","other",,
2975,"AO","AO","dep-head","V=3","AOV","final","final_or_free","other","other","dep-head",,,,,,,,,,"final","final_or_free","rigid","other","other",,
2681,"AO","AO","dep-head","V=3","AOV","final","final_or_free","other","other","dep-head",,,,,,,,,,"final","final_or_free","rigid","other","other",,
63,"AO","AO","dep-head","V=3","AOV","final","final_or_free","other","other","dep-head",,,,,,,,,,"final","final_or_free","rigid","other","other",,
530,"AO","AO","dep-head","V=3","AOV","final","final_or_free","other","other","dep-head",,,,,,,,,,"final","final_or_free","rigid","other","other",,
36,"AO","AO","dep-head","V=3","AOV","final","final_or_free","other","other","dep-head",,,,,,,,,,"final","final_or_free","rigid","other","other",,
650,"AO","AO","dep-head","V=3","AOV","final","final_or_free","other","other","dep-head",,,,,,,,,,"final","final_or_free","rigid","other","other",,
1263,"AO","AO","dep-head","V=3","AOV","final","final_or_free","other","other","dep-head",,,,,,,,,,"final","final_or_free","rigid","other","other",,
159,"AO","AO","dep-head","V=2","AVO","non_final","other","other","medial","head-dep",,,,,,,,,,"non_final","other","rigid","other","medial",,
354,"AO","AO","dep-head","V=3","AOV","final","final_or_free","other","other","dep-head",,,,,,,,,,"final","final_or_free","rigid","other","other",,
162,"AO","AO","dep-head","V=3","AOV","final","final_or_free","other","other","dep-head",,,,,,,,,,"final","final_or_free","rigid","other","other",,
2924,"AO","AO","dep-head","V=3","AOV","final","final_or_free","other","other","dep-head",,,,,,,,,,"final","final_or_free","rigid","other","other",,
373,"AO","AO","dep-head","V=2","AVO","non_final","other","other","medial","head-dep",,,,,,,,,,"non_final","other","rigid","other","medial",,
7,"AO","AO","dep-head","V=3","AOV","final","final_or_free","other","other","dep-head",,,,,,,,,,"final","final_or_free","rigid","other","other",,
178,"AO","AO","dep-head","V=3","AOV","final","final_or_free","other","other","dep-head",,,,,,,,,,"final","final_or_free","rigid","other","other",,
1516,"AO","AO","dep-head","V=3","AOV","final","final_or_free","other","other","dep-head",,,,,,,,,,"final","final_or_free","rigid","other","other",,
169,"AO","AO","dep-head","V=3","AOV","final","final_or_free","other","other","dep-head",,,,,,,,,,"final","final_or_free","rigid","other","other",,
1592,"AO","AO","dep-head","V=3","AOV","final","final_or_free","other","other","dep-head",,,,,,,,,,"final","final_or_free","rigid","other","other",,
49,"AO","AO","dep-head","V=3","AOV","final","final_or_free","other","other","dep-head",,,,,,,,,,"final","final_or_free","rigid","other","other",,
620,"AO","AO","dep-head","V=3","AOV","final","final_or_free","other","other","dep-head",,,,,,,,,,"final","final_or_free","rigid","other","other",,
1439,"AO","AO","dep-head","V=3","AOV","final","final_or_free","other","other","dep-head",,,,,,,,,,"final","final_or_free","rigid","other","other",,
2873,"AO","AO","dep-head","V=3","AOV","final","final_or_free","other","other","dep-head",,,,,,,,,,"final","final_or_free","rigid","other","other",,
333,"AO","AO","dep-head","V=3","AOV","final","final_or_free","other","other","dep-head",,,,,,,,,,"final","final_or_free","rigid","other","other",,
626,"AO","AO","dep-head","V=3","AOV","final","final_or_free","other","other","dep-head",,,,,,,,,,"final","final_or_free","rigid","other","other",,
567,"AO","AO","dep-head","V=3","AOV","final","final_or_free","other","other","dep-head",,,,,,,,,,"final","final_or_free","rigid","other","other",,
71,,,,"free","free",,"final_or_free","other","other",,,,,,,,,,,,"final_or_free","free","other","other",,
1964,"AO","AO","dep-head","V=3","AOV","final","final_or_free","other","other","dep-head",,,,,,,,,,"final","final_or_free","rigid","other","other",,
630,"AO","AO","dep-head","V=3","AOV","final","final_or_free","other","other","dep-head",,,,,,,,,,"final","final_or_free","rigid","other","other",,
674,"AO","AO","dep-head","V=3","AOV","final","final_or_free","other","other","dep-head",,,,,,,,,,"final","final_or_free","rigid","other","other",,
144,"AO","AO","dep-head","V=3","AOV","final","final_or_free","other","other","dep-head",,,,,,,,,,"final","final_or_free","rigid","other","other",,
486,"AO","AO","dep-head","V=3","AOV","final","final_or_free","other","other","dep-head",,,,,,,,,,"final","final_or_free","rigid","other","other",,
2863,"AO","AO","dep-head","V=3","AOV","final","final_or_free","other","other","dep-head",,,,,,,,,,"final","final_or_free","rigid","other","other",,
722,"AO","AO","dep-head","V=3","AOV","final","final_or_free","other","other","dep-head",,,,,,,,,,"final","final_or_free","rigid","other","other",,
43,"AO","AO","dep-head","V=3","AOV","final","final_or_free","other","other","dep-head",,,,,,,,,,"final","final_or_free","rigid","other","other",,
1645,"AO","AO","dep-head","V=3","AOV","final","final_or_free","other","other","dep-head",,,,,,,,,,"final","final_or_free","rigid","other","other",,
204,"AO","AO","dep-head","V=3","AOV","final","final_or_free","other","other","dep-head",,,,,,,,,,"final","final_or_free","rigid","other","other",,
1577,"AO","AO","dep-head","V=3","AOV","final","final_or_free","other","other","dep-head",,,,,,,,,,"final","final_or_free","rigid","other","other",,
1691,"AO","AO","dep-head","V=3","AOV","final","final_or_free","other","other","dep-head",,,,,,,,,,"final","final_or_free","rigid","other","other",,
403,"AO","AO","dep-head","V=3","AOV","final","final_or_free","other","other","dep-head",,,,,,,,,,"final","final_or_free","rigid","other","other",,
390,"OA","OA","head-dep","V=2","OVA","non_final","other","other","medial","dep-head",,,,,,,,,,"non_final","other","rigid","other","medial",,
48,"AO","AO","head-dep","V=1","VAO","non_final","other","initial","other","head-dep",,,,,,,,,,"non_final","other","rigid","initial","other",,
659,"AO","AO","dep-head","V=3","AOV","final","final_or_free","other","other","dep-head",,,,,,,,,,"final","final_or_free","rigid","other","other",,
206,"AO","AO","dep-head","V=3","AOV","final","final_or_free","other","other","dep-head",,,,,,,,,,"final","final_or_free","rigid","other","other",,
53,"AO","AO","dep-head","V=3","AOV","final","final_or_free","other","other","dep-head",,,,,,,,,,"final","final_or_free","rigid","other","other",,
558,"AO","AO","dep-head","V=3","AOV","final","final_or_free","other","other","dep-head",,,,,,,,,,"final","final_or_free","rigid","other","other",,
342,"AO","AO","head-dep","V=1","VAO","non_final","other","initial","other","head-dep",,,,,,,,,,"non_final","other","rigid","initial","other",,
1615,"AO","AO","dep-head","V=3","AOV","final","final_or_free","other","other","dep-head",,,,,,,,,,"final","final_or_free","rigid","other","other",,
2865,"AO","AO","dep-head","V=3","AOV","final","final_or_free","other","other","dep-head",,,,,,,,,,"final","final_or_free","rigid","other","other",,
2871,"AO","AO","dep-head","V=3","AOV","final","final_or_free","other","other","dep-head",,,,,,,,,,"final","final_or_free","rigid","other","other",,
1763,"AO","AO","dep-head","V=3","AOV","final","final_or_free","other","other","dep-head",,,,,,,,,,"final","final_or_free","rigid","other","other",,
2514,"AO","AO","dep-head","V=3","AOV","final","final_or_free","other","other","dep-head",,,,,,,,,,"final","final_or_free","rigid","other","other",,
669,"AO","AO","dep-head","V=3","AOV","final","final_or_free","other","other","dep-head",,,,,,,,,,"final","final_or_free","rigid","other","other",,
2923,"AO","AO","dep-head","V=3","AOV","final","final_or_free","other","other","dep-head",,,,,,,,,,"final","final_or_free","rigid","other","other",,
527,"AO","AO","dep-head","V=3","AOV","final","final_or_free","other","other","dep-head",,,,,,,,,,"final","final_or_free","rigid","other","other",,
1094,"AO","AO","dep-head","V=3","AOV","final","final_or_free","other","other","dep-head",,,,,,,,,,"final","final_or_free","rigid","other","other",,
2927,"AO","AO","dep-head","V=3","AOV","final","final_or_free","other","other","dep-head",,,,,,,,,,"final","final_or_free","rigid","other","other",,
632,"AO","AO","dep-head","V=3","AOV","final","final_or_free","other","other","dep-head",,,,,,,,,,"final","final_or_free","rigid","other","other",,
1775,"AO","AO","dep-head","V=3","AOV","final","final_or_free","other","other","dep-head",,,,,,,,,,"final","final_or_free","rigid","other","other",,
338,"AO","AO","head-dep","V=1","VAO","non_final","other","initial","other","head-dep",,,,,,,,,,"non_final","other","rigid","initial","other",,
88,"AO","AO","head-dep","V=1","VAO","non_final","other","initial","other","head-dep",,,,,,,,,,"non_final","other","rigid","initial","other",,
431,"AO","AO","head-dep","V=1","VAO","non_final","other","initial","other","head-dep",,,,,,,,,,"non_final","other","rigid","initial","other",,
1623,"AO","AO","head-dep","V=1","VAO","non_final","other","initial","other","head-dep",,,,,,,,,,"non_final","other","rigid","initial","other",,
438,"AO","AO","dep-head","V=2","AVO","non_final","other","other","medial","head-dep",,,,,,,,,,"non_final","other","rigid","other","medial",,
113,"OA","OA","head-dep","V=1","VOA","non_final","other","initial","other","head-dep",,,,,,,,,,"non_final","other","rigid","initial","other",,
642,"AO","AO","dep-head","V=2","AVO","non_final","other","other","medial","head-dep",,,,,,,,,,"non_final","other","rigid","other","medial",,
332,"OA","OA","head-dep","V=1","VOA","non_final","other","initial","other","head-dep",,,,,,,,,,"non_final","other","rigid","initial","other",,
74,"AO","AO","dep-head","V=2","AVO","non_final","other","other","medial","head-dep",,,,,,,,,,"non_final","other","rigid","other","medial",,
500,"AO","AO","dep-head","V=2","AVO","non_final","other","other","medial","head-dep",,,,,,,,,,"non_final","other","rigid","other","medial",,
226,"AO","AO","dep-head","V=2","AVO","non_final","other","other","medial","head-dep",,,,,,,,,,"non_final","other","rigid","other","medial",,
80,"AO","AO","dep-head","V=2","AVO","non_final","other","other","medial","head-dep",,,,,,,,,,"non_final","other","rigid","other","medial",,
365,"AO","AO","dep-head","V=2","AVO","non_final","other","other","medial","head-dep",,,,,,,,,,"non_final","other","rigid","other","medial",,
424,"AO","AO","dep-head","V=2","AVO","non_final","other","other","medial","head-dep",,,,,,,,,,"non_final","other","rigid","other","medial",,
996,"AO","AO","dep-head","V=2","AVO","non_final","other","other","medial","head-dep",,,,,,,,,,"non_final","other","rigid","other","medial",,
504,"AO","AO","dep-head","V=2","AVO","non_final","other","other","medial","head-dep",,,,,,,,,,"non_final","other","rigid","other","medial",,
653,"AO","AO","dep-head","V=2","AVO","non_final","other","other","medial","head-dep",,,,,,,,,,"non_final","other","rigid","other","medial",,
371,"AO","AO","dep-head","V=2","AVO","non_final","other","other","medial","head-dep",,,,,,,,,,"non_final","other","rigid","other","medial",,
551,"OA","OA","head-dep","V=1","VOA","non_final","other","initial","other","head-dep",,,,,,,,,,"non_final","other","rigid","initial","other",,
540,"AO","AO","dep-head","V=2","AVO","non_final","other","other","medial","head-dep",,,,,,,,,,"non_final","other","rigid","other","medial",,
682,"OA","OA","head-dep","V=1","VOA","non_final","other","initial","other","head-dep",,,,,,,,,,"non_final","other","rigid","initial","other",,
645,"AO","AO","dep-head","V=2","AVO","non_final","other","other","medial","head-dep",,,,,,,,,,"non_final","other","rigid","other","medial",,
106,"AO","AO","dep-head","V=2","AVO","non_final","other","other","medial","head-dep",,,,,,,,,,"non_final","other","rigid","other","medial",,
408,"AO","AO","dep-head","V=2","AVO","non_final","other","other","medial","head-dep",,,,,,,,,,"non_final","other","rigid","other","medial",,
374,"AO","AO","dep-head","V=2","AVO","non_final","other","other","medial","head-dep",,,,,,,,,,"non_final","other","rigid","other","medial",,
17,"AO","AO","dep-head","V=2","AVO","non_final","other","other","medial","head-dep",,,,,,,,,,"non_final","other","rigid","other","medial",,
75,"AO","AO","dep-head","V=2","AVO","non_final","other","other","medial","head-dep",,,,,,,,,,"non_final","other","rigid","other","medial",,
402,"AO","AO","dep-head","V=2","AVO","non_final","other","other","medial","head-dep",,,,,,,,,,"non_final","other","rigid","other","medial",,
725,"AO","AO","dep-head","V=2","AVO","non_final","other","other","medial","head-dep",,,,,,,,,,"non_final","other","rigid","other","medial",,
466,"AO","AO","dep-head","V=2","AVO","non_final","other","other","medial","head-dep",,,,,,,,,,"non_final","other","rigid","other","medial",,
44,,,"head-dep","V=1","Vxx","non_final","other","initial","other","head-dep",,,,,,,,,,"non_final","other","flexible","initial","other",,
1208,"AO","AO","dep-head","V=2","AVO","non_final","other","other","medial","head-dep",,,,,,,,,,"non_final","other","rigid","other","medial",,
1505,,,"head-dep","V=1","Vxx","non_final","other","initial","other","head-dep",,,,,,,,,,"non_final","other","flexible","initial","other",,
2973,"AO","AO","dep-head","V=2","AVO","non_final","other","other","medial","head-dep",,,,,,,,,,"non_final","other","rigid","other","medial",,
148,"AO","AO","dep-head","V=2","AVO","non_final","other","other","medial","head-dep",,,,,,,,,,"non_final","other","rigid","other","medial",,
13,"AO","AO","dep-head","V=2","AVO","non_final","other","other","medial","head-dep",,,,,,,,,,"non_final","other","rigid","other","medial",,
1597,"AO","AO","dep-head","V=2","AVO","non_final","other","other","medial","head-dep",,,,,,,,,,"non_final","other","rigid","other","medial",,
2990,"AO","AO","dep-head","V=2","AVO","non_final","other","other","medial","head-dep",,,,,,,,,,"non_final","other","rigid","other","medial",,
604,"AO","AO","dep-head","V=2","AVO","non_final","other","other","medial","head-dep",,,,,,,,,,"non_final","other","rigid","other","medial",,
369,"AO","AO","dep-head","V=2","AVO","non_final","other","other","medial","head-dep",,,,,,,,,,"non_final","other","rigid","other","medial",,
1671,"AO","AO","dep-head","V=2","AVO","non_final","other","other","medial","head-dep",,,,,,,,,,"non_final","other","rigid","other","medial",,
405,"AO","AO","dep-head","V=2","AVO","non_final","other","other","medial","head-dep",,,,,,,,,,"non_final","other","rigid","other","medial",,
2904,"AO","AO","dep-head","V=2","AVO","non_final","other","other","medial","head-dep",,,,,,,,,,"non_final","other","rigid","other","medial",,
85,"AO","AO","dep-head","V=2","AVO","non_final","other","other","medial","head-dep",,,,,,,,,,"non_final","other","rigid","other","medial",,
400,"AO","AO","dep-head","V=2","AVO","non_final","other","other","medial","head-dep",,,,,,,,,,"non_final","other","rigid","other","medial",,
553,"AO","AO","dep-head","V=2","AVO","non_final","other","other","medial","head-dep",,,,,,,,,,"non_final","other","rigid","other","medial",,
177,"AO","AO","dep-head","V=2","AVO","non_final","other","other","medial","head-dep",,,,,,,,,,"non_final","other","rigid","other","medial",,
25,"AO","AO","dep-head","V=2","AVO","non_final","other","other","medial","head-dep",,,,,,,,,,"non_final","other","rigid","other","medial",,
89,"AO","AO","dep-head","V=2","AVO","non_final","other","other","medial","head-dep",,,,,,,,,,"non_final","other","rigid","other","medial",,
2989,"AO","AO","dep-head","V=2","AVO","non_final","other","other","medial","head-dep",,,,,,,,,,"non_final","other","rigid","other","medial",,
78,"AO","AO","dep-head","V=2","AVO","non_final","other","other","medial","head-dep",,,,,,,,,,"non_final","other","rigid","other","medial",,
2498,"AO","AO","dep-head","V=2","AVO","non_final","other","other","medial","head-dep",,,,,,,,,,"non_final","other","rigid","other","medial",,
180,"AO","AO","dep-head","V=2","AVO","non_final","other","other","medial","head-dep",,,,,,,,,,"non_final","other","rigid","other","medial",,
2898,"AO","AO","dep-head","V=2","AVO","non_final","other","other","medial","head-dep",,,,,,,,,,"non_final","other","rigid","other","medial",,
171,"AO","AO","dep-head","V=2","AVO","non_final","other","other","medial","head-dep",,,,,,,,,,"non_final","other","rigid","other","medial",,
91,"AO","AO","dep-head","V=2","AVO","non_final","other","other","medial","head-dep",,,,,,,,,,"non_final","other","rigid","other","medial",,
582,"AO","AO","dep-head","V=2","AVO","non_final","other","other","medial","head-dep",,,,,,,,,,"non_final","other","rigid","other","medial",,
39,"AO","AO","dep-head","V=2","AVO","non_final","other","other","medial","head-dep",,,,,,,,,,"non_final","other","rigid","other","medial",,
569,"AO","AO","dep-head","V=2","AVO","non_final","other","other","medial","head-dep",,,,,,,,,,"non_final","other","rigid","other","medial",,
2943,"AO","AO","dep-head","V=2","AVO","non_final","other","other","medial","head-dep",,,,,,,,,,"non_final","other","rigid","other","medial",,
997,"AO","AO","dep-head","V=2","AVO","non_final","other","other","medial","head-dep",,,,,,,,,,"non_final","other","rigid","other","medial",,
125,,,,"free","free",,"final_or_free","other","other",,,,,,,,,,,,"final_or_free","free","other","other",,
651,,,,"free","free",,"final_or_free","other","other",,,,,,,,,,,,"final_or_free","free","other","other",,
2878,"AO","AO","dep-head","V=2","AVO","non_final","other","other","medial","head-dep",,,,,,,,,,"non_final","other","rigid","other","medial",,
344,"AO","AO","dep-head","V=2","AVO","non_final","other","other","medial","head-dep",,,,,,,,,,"non_final","other","rigid","other","medial",,
128,,,,"free","free",,"final_or_free","other","other",,,,,,,,,,,,"final_or_free","free","other","other",,
401,,,,"free","free",,"final_or_free","other","other",,,,,,,,,,,,"final_or_free","free","other","other",,
1527,"AO","AO","dep-head","V=2","AVO","non_final","other","other","medial","head-dep",,,,,,,,,,"non_final","other","rigid","other","medial",,
22,"AO","AO","dep-head","V=2","AVO","non_final","other","other","medial","head-dep",,,,,,,,,,"non_final","other","rigid","other","medial",,
1827,"AO","AO","dep-head","V=2","AVO","non_final","other","other","medial","head-dep",,,,,,,,,,"non_final","other","rigid","other","medial",,
359,"AO","AO","dep-head","V=2","AVO","non_final","other","other","medial","head-dep",,,,,,,,,,"non_final","other","rigid","other","medial",,
512,"AO","AO","dep-head","V=2","AVO","non_final","other","other","medial","head-dep",,,,,,,,,,"non_final","other","rigid","other","medial",,
29,"AO","AO","dep-head","V=2","AVO","non_final","other","other","medial","head-dep",,,,,,,,,,"non_final","other","rigid","other","medial",,
515,"AO","AO","dep-head","V=2","AVO","non_final","other","other","medial","head-dep",,,,,,,,,,"non_final","other","rigid","other","medial",,
68,,,,"free","free",,"final_or_free","other","other",,,,,,,,,,,,"final_or_free","free","other","other",,
181,"AO","AO","dep-head","V=2","AVO","non_final","other","other","medial","head-dep",,,,,,,,,,"non_final","other","rigid","other","medial",,
577,,,,"free","free",,"final_or_free","other","other",,,,,,,,,,,,"final_or_free","free","other","other",,
2882,"AO","AO","dep-head","V=2","AVO","non_final","other","other","medial","head-dep",,,,,,,,,,"non_final","other","rigid","other","medial",,
343,"AO","AO","dep-head","V=2","AVO","non_final","other","other","medial","head-dep",,,,,,,,,,"non_final","other","rigid","other","medial",,
1116,,,,"free","free",,"final_or_free","other","other",,,,,,,,,,,,"final_or_free","free","other","other",,
421,"AO","AO","dep-head","V=2","AVO","non_final","other","other","medial","head-dep",,,,,,,,,,"non_final","other","rigid","other","medial",,
98,"AO","AO","dep-head","V=2","AVO","non_final","other","other","medial","head-dep",,,,,,,,,,"non_final","other","rigid","other","medial",,
179,"AO","AO","dep-head","V=2","AVO","non_final","other","other","medial","head-dep",,,,,,,,,,"non_final","other","rigid","other","medial",,
2322,,,,"free","free",,"final_or_free","other","other",,,,,,,,,,,,"final_or_free","free","other","other",,
2934,"AO","AO","dep-head","V=2","AVO","non_final","other","other","medial","head-dep",,,,,,,,,,"non_final","other","rigid","other","medial",,
2851,"AO","AO","dep-head","V=2","AVO","non_final","other","other","medial","head-dep",,,,,,,,,,"non_final","other","rigid","other","medial",,
1682,"AO","AO","dep-head","V=2","AVO","non_final","other","other","medial","head-dep",,,,,,,,,,"non_final","other","rigid","other","medial",,
378,"AO","AO","dep-head","V=2","AVO","non_final","other","other","medial","head-dep",,,,,,,,,,"non_final","other","rigid","other","medial",,
1042,"AO","AO","dep-head","V=2","AVO","non_final","other","other","medial","head-dep",,,,,,,,,,"non_final","other","rigid","other","medial",,
101,"OA","OA","head-dep","V=2","OVA","non_final","other","other","medial","dep-head",,,,,,,,,,"non_final","other","rigid","other","medial",,
565,"OA","OA","head-dep","V=2","OVA","non_final","other","other","medial","dep-head",,,,,,,,,,"non_final","other","rigid","other","medial",,
357,"AO","AO","head-dep","V=1","VAO","non_final","other","initial","other","head-dep",,,,,,,,,,"non_final","other","rigid","initial","other",,
460,"AO","AO","head-dep","V=1","VAO","non_final","other","initial","other","head-dep",,,,,,,,,,"non_final","other","rigid","initial","other",,
55,"AO","AO","head-dep","V=1","VAO","non_final","other","initial","other","head-dep",,,,,,,,,,"non_final","other","rigid","initial","other",,
495,"AO","AO","head-dep","V=1","VAO","non_final","other","initial","other","head-dep",,,,,,,,,,"non_final","other","rigid","initial","other",,
435,"AO","AO","head-dep","V=1","VAO","non_final","other","initial","other","head-dep",,,,,,,,,,"non_final","other","rigid","initial","other",,
362,"AO","AO","head-dep","V=1","VAO","non_final","other","initial","other","head-dep",,,,,,,,,,"non_final","other","rigid","initial","other",,
654,"AO","AO","head-dep","V=1","VAO","non_final","other","initial","other","head-dep",,,,,,,,,,"non_final","other","rigid","initial","other",,
571,"AO","AO","head-dep","V=1","VAO","non_final","other","initial","other","head-dep",,,,,,,,,,"non_final","other","rigid","initial","other",,
564,"AO","AO","head-dep","V=1","VAO","non_final","other","initial","other","head-dep",,,,,,,,,,"non_final","other","rigid","initial","other",,
411,"AO","AO","head-dep","V=1","VAO","non_final","other","initial","other","head-dep",,,,,,,,,,"non_final","other","rigid","initial","other",,
167,"AO","AO","head-dep","V=1","VAO","non_final","other","initial","other","head-dep",,,,,,,,,,"non_final","other","rigid","initial","other",,
459,"AO","AO","head-dep","V=1","VAO","non_final","other","initial","other","head-dep",,,,,,,,,,"non_final","other","rigid","initial","other",,
186,"AO","AO","head-dep","V=1","VAO","non_final","other","initial","other","head-dep",,,,,,,,,,"non_final","other","rigid","initial","other",,
317,"AO","AO","head-dep","V=1","VAO","non_final","other","initial","other","head-dep",,,,,,,,,,"non_final","other","rigid","initial","other",,
414,"AO","AO","head-dep","V=1","VAO","non_final","other","initial","other","head-dep",,,,,,,,,,"non_final","other","rigid","initial","other",,
2801,"AO","AO","head-dep","V=1","VAO","non_final","other","initial","other","head-dep",,,,,,,,,,"non_final","other","rigid","initial","other",,
498,"OA","OA","head-dep","V=1","VOA","non_final","other","initial","other","head-dep",,,,,,,,,,"non_final","other","rigid","initial","other",,
384,"OA","OA","head-dep","V=1","VOA","non_final","other","initial","other","head-dep",,,,,,,,,,"non_final","other","rigid","initial","other",,
585,"OA","OA","head-dep","V=1","VOA","non_final","other","initial","other","head-dep",,,,,,,,,,"non_final","other","rigid","initial","other",,
2997,"OA","OA","head-dep","V=1","VOA","non_final","other","initial","other","head-dep",,,,,,,,,,"non_final","other","rigid","initial","other",,
644,"OA","OA","head-dep","V=1","VOA","non_final","other","initial","other","head-dep",,,,,,,,,,"non_final","other","rigid","initial","other",,
388,"OA","OA","head-dep","V=1","VOA","non_final","other","initial","other","head-dep",,,,,,,,,,"non_final","other","rigid","initial","other",,
576,"OA","OA","head-dep","V=1","VOA","non_final","other","initial","other","head-dep",,,,,,,,,,"non_final","other","rigid","initial","other",,
492,"OA","OA","head-dep","V=1","VOA","non_final","other","initial","other","head-dep",,,,,,,,,,"non_final","other","rigid","initial","other",,
491,"OA","OA","head-dep","V=1","VOA","non_final","other","initial","other","head-dep",,,,,,,,,,"non_final","other","rigid","initial","other",,
84,"OA","OA","head-dep","V=1","VOA","non_final","other","initial","other","head-dep",,,,,,,,,,"non_final","other","rigid","initial","other",,
1660,"OA","OA","head-dep","V=1","VOA","non_final","other","initial","other","head-dep",,,,,,,,,,"non_final","other","rigid","initial","other",,
138,,,"dep-head","V=3","xxV","final","final_or_free","other","other","dep-head",,,,,,,,,,"final","final_or_free","flexible","other","other",,
528,,,"dep-head","V=3","xxV","final","final_or_free","other","other","dep-head",,,,,,,,,,"final","final_or_free","flexible","other","other",,
27,,,"dep-head","V=3","xxV","final","final_or_free","other","other","dep-head",,,,,,,,,,"final","final_or_free","flexible","other","other",,
210,,,"dep-head","V=3","xxV","final","final_or_free","other","other","dep-head",,,,,,,,,,"final","final_or_free","flexible","other","other",,
416,,,"dep-head","V=3","xxV","final","final_or_free","other","other","dep-head",,,,,,,,,,"final","final_or_free","flexible","other","other",,
2972,,,"dep-head","V=3","xxV","final","final_or_free","other","other","dep-head",,,,,,,,,,"final","final_or_free","flexible","other","other",,
399,,,"dep-head","V=3","xxV","final","final_or_free","other","other","dep-head",,,,,,,,,,"final","final_or_free","flexible","other","other",,
426,,,"head-dep","V=1","Vxx","non_final","other","initial","other","head-dep",,,,,,,,,,"non_final","other","flexible","initial","other",,
346,,,"head-dep","V=1","Vxx","non_final","other","initial","other","head-dep",,,,,,,,,,"non_final","other","flexible","initial","other",,
328,,,"head-dep","V=1","Vxx","non_final","other","initial","other","head-dep",,,,,,,,,,"non_final","other","flexible","initial","other",,
2544,,,"head-dep","V=1","Vxx","non_final","other","initial","other","head-dep",,,,,,,,,,"non_final","other","flexible","initial","other",,
442,,,"head-dep","V=1","Vxx","non_final","other","initial","other","head-dep",,,,,,,,,,"non_final","other","flexible","initial","other",,
327,,,"head-dep","V=1","Vxx","non_final","other","initial","other","head-dep",,,,,,,,,,"non_final","other","flexible","initial","other",,
318,,,,"free","free",,"final_or_free","other","other",,,,,,,,,,,,"final_or_free","free","other","other",,
815,,,,"free","free",,"final_or_free","other","other",,,,,,,,,,,,"final_or_free","free","other","other",,
409,,,,"free","free",,"final_or_free","other","other",,,,,,,,,,,,"final_or_free","free","other","other",,
356,,,,"free","free",,"final_or_free","other","other",,,,,,,,,,,,"final_or_free","free","other","other",,
879,,,,"free","free",,"final_or_free","other","other",,,,,,,,,,,,"final_or_free","free","other","other",,
1056,,,,"free","free",,"final_or_free","other","other",,,,,,,,,,,,"final_or_free","free","other","other",,
383,,,,"free","free",,"final_or_free","other","other",,,,,,,,,,,,"final_or_free","free","other","other",,
1364,,,,"free","free",,"final_or_free","other","other",,,,,,,,,,,,"final_or_free","free","other","other",,
464,,,,"free","free",,"final_or_free","other","other",,,,,,,,,,,,"final_or_free","free","other","other",,
351,,,,"free","free",,"final_or_free","other","other",,,,,,,,,,,,"final_or_free","free","other","other",,
211,,,,"free","free",,"final_or_free","other","other",,,,,,,,,,,,"final_or_free","free","other","other",,
208,,,,"free","free",,"final_or_free","other","other",,,,,,,,,,,,"final_or_free","free","other","other",,
658,,,,"free","free",,"final_or_free","other","other",,,,,,,,,,,,"final_or_free","free","other","other",,
2939,,,,"free","free",,"final_or_free","other","other",,,,,,,,,,,,"final_or_free","free","other","other",,
198,,,,"free","free",,"final_or_free","other","other",,,,,,,,,,,,"final_or_free","free","other","other",,
56,,,,"free","free",,"final_or_free","other","other",,,,,,,,,,,,"final_or_free","free","other","other",,
493,,,,"free","free",,"final_or_free","other","other",,,,,,,,,,,,"final_or_free","free","other","other",,
2233,,,,"free","free",,"final_or_free","other","other",,,,,,,,,,,,"final_or_free","free","other","other",,
412,,,,"free","free",,"final_or_free","other","other",,,,,,,,,,,,"final_or_free","free","other","other",,
785,,,,"free","free",,"final_or_free","other","other",,,,,,,,,,,,"final_or_free","free","other","other",,
1142,,,,"free","free",,"final_or_free","other","other",,,,,,,,,,,,"final_or_free","free","other","other",,
2359,,,,"free","free",,"final_or_free","other","other",,,,,,,,,,,,"final_or_free","free","other","other",,
455,,,,"free","free",,"final_or_free","other","other",,,,,,,,,,,,"final_or_free","free","other","other",,
692,,,,"free","free",,"final_or_free","other","other",,,,,,,,,,,,"final_or_free","free","other","other",,
149,,,,"free","free",,"final_or_free","other","other",,,,,,,,,,,,"final_or_free","free","other","other",,
673,,,,"free","free",,"final_or_free","other","other",,,,,,,,,,,,"final_or_free","free","other","other",,
2920,,,,"free","free",,"final_or_free","other","other",,,,,,,,,,,,"final_or_free","free","other","other",,
2958,,,,"free","free",,"final_or_free","other","other",,,,,,,,,,,,"final_or_free","free","other","other",,
420,,,,"free","free",,"final_or_free","other","other",,,,,,,,,,,,"final_or_free","free","other","other",,
2706,,,,"free","free",,"final_or_free","other","other",,,,,,,,,,,,"final_or_free","free","other","other",,
319,,,,"free","free",,"final_or_free","other","other",,,,,,,,,,,,"final_or_free","free","other","other",,
661,,,,"free","free",,"final_or_free","other","other",,,,,,,,,,,,"final_or_free","free","other","other",,
112,,,,"free","free",,"final_or_free","other","other",,,,,,,,,,,,"final_or_free","free","other","other",,
1129,,,,"free","free",,"final_or_free","other","other",,,,,,,,,,,,"final_or_free","free","other","other",,
404,,,,"free","free",,"final_or_free","other","other",,,,,,,,,,,,"final_or_free","free","other","other",,
