"LID","VInflCatSurveyComplete","VBipartiteStem.Presence","VInflCat","VInflMacrocategories","VInflCatAndAgrMax.n","VInflCatMax.n","VInflCatMax.binned3","VInflCatAndAgrMax.binned3","VInflCatAndAgrFmtvMax.n","VInflCatFmtvMax.n","VInflCatandAgrFmtvMax.binned3","VAnyIncorporation.Presence","VInflExponence","VNounIncorporation.Presence","VPhonCoherence.Presence","VAgrAllPre.Presence","VAgrAnyPre.Presence","VProsCoherence.Presence","VAgrRoles","VInflMax.n","VSynCoherence.Presence","VInflMax.binned3","VIncorporationVorN.Presence","VIncorporationV.Presence"
7,TRUE,,"Aktionsart,Applicative,Causative,Deixis,Illocution,Quantificational,Reflexive,Semistem,Spatial,TAM,Tense","TAM+,event-specs,number,other,pragmatic,valence",14,10,"medium","high",16,12,"high",TRUE,"distributive",FALSE,TRUE,TRUE,TRUE,TRUE,"<any>,A-default,B-default,T-default",30,TRUE,"high",FALSE,FALSE
1108,,,"Aktionsart,Applicative,Aspect,Deixis,Number,Quantificational,TAM","TAM+,number,pragmatic,valence",14,10,"medium","high",15,11,"high",TRUE,"distributive",TRUE,,TRUE,TRUE,,"A-default,B-default,U-default,core",29,,"high",TRUE,TRUE
577,,TRUE,"Aktionsart,Aspect,Evidential,Mood,Number,Quantificational,Tense","TAM+,evidential,number",12,8,"medium","high",20,11,"high",TRUE,"distributive",TRUE,TRUE,TRUE,TRUE,TRUE,"A-default,B-default,POSS-default,U-default",32,TRUE,"high",TRUE,FALSE
2672,FALSE,,"Aktionsart,Mood,Status,TA","TAM+",6,4,"low","medium",6,4,"low",FALSE,"separative",,,FALSE,FALSE,,"A-default,U-default",12,,"medium",,
458,TRUE,,"Aktionsart,Deixis,Illocution,Mood,Number,Polarity,Status,TAM,Valence","TAM+,number,operators,pragmatic,valence",13,9,"low","high",9,5,"medium",TRUE,"distributive",FALSE,,TRUE,TRUE,TRUE,"A-default,B-default,POSS-default,U-default",22,TRUE,"medium",FALSE,FALSE
692,,,"Aspect,Deixis,Focus,Number,TAM","TAM+,number,pragmatic",8,,,"medium",8,,"medium",FALSE,"separative",,,TRUE,TRUE,,"A-default,U-default",16,,"medium",,
384,,FALSE,"Number,Status,Voice","TAM+,number,valence",7,3,"low","medium",5,3,"low",TRUE,"cumulative",TRUE,TRUE,FALSE,TRUE,TRUE,"A-default,AFF,S-default,U-default",12,TRUE,"medium",TRUE,FALSE
975,TRUE,FALSE,"Aktionsart,Applicative,Connective,Number,Reflexive,TA,Tense,Valence","TAM+,inter-clausal,number,valence",14,10,"high","high",19,16,"high",FALSE,"distributive",,,FALSE,TRUE,,"A-default,B-default,POSS-default,U-default",33,,"high",,
17,TRUE,FALSE,"Aspect,MSE,Tense","TAM+",6,3,"low","medium",6,3,"low",FALSE,"separative",,,FALSE,TRUE,,"A-default,B-default,U-default",12,,"medium",,
411,TRUE,,"Applicative,Aspect,Causative,Deixis,Quantificational,Reflexive_and_Reciprocal,Tense","TAM+,number,pragmatic,valence",13,10,"medium","high",15,12,"high",FALSE,"distributive",,,TRUE,TRUE,,"A-default,B-default,U-default",28,,"high",,
354,TRUE,FALSE,"Aktionsart,Polarity,Quantificational,TAM,Voice","TAM+,number,operators,valence",8,5,,"medium",11,,"medium",TRUE,"cumulative",TRUE,,TRUE,TRUE,FALSE,"A-default,O-adp,U-default",19,TRUE,"medium",TRUE,FALSE
693,FALSE,,"Aspect,Gender,Tense","TAM+,classification",6,3,"low","medium",7,4,"medium",FALSE,"distributive",,FALSE,TRUE,TRUE,,"A-default,B-default,U-default",13,,"medium",,
2412,TRUE,,"Causative,Connective,Deixis,Illocution,Mood,Polarity,Quotative,Status,Switch_reference,Voice","TAM+,evidential,inter-clausal,operators,pragmatic,valence",13,10,"medium","high",15,12,"high",FALSE,"distributive",,FALSE,TRUE,TRUE,,"A-default,G-default,U-default",28,,"high",,
2984,TRUE,,"Aspect,Illocution,Mood,Polarity,Status,TAM,Tense","TAM+,operators",10,7,"medium","high",11,8,"medium",FALSE,"distributive",,,FALSE,TRUE,,"A-default,B-default,U-default",21,,"medium",,
132,,,"Aspect,Connective,Evidential,Polarity,Switch_reference","TAM+,evidential,inter-clausal,operators",8,,,"medium",4,,"low",TRUE,"cumulative",TRUE,TRUE,TRUE,TRUE,TRUE,"A-default,B-default,T-default",12,TRUE,"medium",TRUE,TRUE
1954,,,"Aspect,MA,Nominalizer,Polarity,Quotative,Switch_reference,TA","NP-related,TAM+,evidential,inter-clausal,operators",9,7,"low","medium",8,6,"medium",FALSE,"cumulative",,,FALSE,TRUE,FALSE,"A-default,U-default",17,,"medium",,
505,,,"Aspect,Connective,Quantificational,Switch_reference,Tense,Voice","TAM+,inter-clausal,number,valence",9,,,"medium",6,,"low",FALSE,"cumulative",,TRUE,FALSE,TRUE,TRUE,"A-default,B-default,U-default",15,TRUE,"medium",,
165,FALSE,,,,,,,,,,,FALSE,,,,TRUE,TRUE,,"A-default,U-default",,,,,
426,TRUE,FALSE,"Applicative,Aspect,Evidential,MSE,Motion,Quantificational,Reflexive_and_Reciprocal,Voice","TAM+,event-specs,evidential,number,valence",13,10,"medium","high",13,10,"medium",FALSE,"separative",,,FALSE,TRUE,,"A-default,B-default,U-default",26,,"high",,
727,,,,,,,,,,,,FALSE,,,,FALSE,TRUE,,"A-default,B-default,U-default",,,,,
79,TRUE,FALSE,"Polarity,TAM","TAM+,operators",5,2,"low","medium",6,2,"low",FALSE,"distributive",,TRUE,FALSE,TRUE,TRUE,"A-default,B-default,U-default",11,TRUE,"low",,
27,,,"Aspect,Polarity,Posterior,Quantificational,TA","TAM+,number,operators",9,6,"medium","medium",10,7,"medium",FALSE,"cumulative",,,FALSE,TRUE,,"A-default,B-default,U-default",19,,"medium",,
135,,,"Aspect,Evidential,Number,Potentialis,Quantificational,Referential,Status,Switch_reference,Tense","TAM+,evidential,inter-clausal,number,pragmatic",13,10,"medium","high",15,12,"high",FALSE,"distributive",,TRUE,FALSE,TRUE,TRUE,"A-default,B-default,U-default",28,TRUE,"high",,
420,TRUE,,"Aspect,Deixis,Mood,Number,Posterior,Tense,Voice","TAM+,number,pragmatic,valence",10,7,,"high",6,,"low",FALSE,"distributive",,,TRUE,TRUE,,"A-default,B-default,U-default",16,,"medium",,
464,TRUE,FALSE,"TAM,Voice","TAM+,valence",5,2,"low","medium",5,2,"low",FALSE,"separative",,TRUE,FALSE,TRUE,TRUE,"A-default,B-default,U-default",10,TRUE,"low",,
703,TRUE,,"Mood,Polarity,TA,Voice","TAM+,operators,valence",5,4,,"medium",,,,FALSE,,,,FALSE,FALSE,,"A-default",,,,,
86,TRUE,FALSE,"Number,Person,TAM,Version,Voice","TAM+,number,person,valence",8,5,,"medium",7,,"medium",FALSE,"cumulative",,TRUE,FALSE,TRUE,TRUE,"A-default,B-default,U-default",15,TRUE,"medium",,
2024,,,"Aspect,Mood,Polarity,TAM,TE,Voice","TAM+,operators,valence",9,6,"low","medium",8,3,"medium",FALSE,"cumulative",,TRUE,FALSE,TRUE,TRUE,"A-default,B-default,U-default",17,TRUE,"medium",,
551,TRUE,,"Aspect,Deixis,Repetition","TAM+,event-specs,pragmatic",5,3,,"medium",,,,FALSE,,,,FALSE,TRUE,,"A-default,U-default",,,,,
675,TRUE,,"Causative,Deixis,Evidential,Illocution,Modality,Polarity,RECIP,Reflexive,Tense,Version","TAM+,evidential,operators,pragmatic,valence",13,10,"medium","high",15,12,"high",TRUE,"distributive",TRUE,,TRUE,TRUE,,"A-default,B-default,U-default",28,,"high",TRUE,FALSE
1363,TRUE,,"Number,Quantificational,TAM,Tense","TAM+,number",9,6,"low","medium",9,6,"medium",FALSE,"separative",,,FALSE,TRUE,,"A-default,B-default,U-default",18,,"medium",,
2217,TRUE,FALSE,"Aspect,Deixis,Direction,MA,TAE","TAM+,pragmatic,role",7,5,"low","medium",7,5,"medium",TRUE,"separative",FALSE,,FALSE,FALSE,,"A-default,U-default",14,TRUE,"medium",TRUE,TRUE
1399,TRUE,FALSE,"Causative,Evidential,Mood,TAM","TAM+,evidential,valence",7,4,"low","medium",6,4,"low",TRUE,"cumulative",FALSE,,FALSE,FALSE,,"A-default,B-default,U-default",13,,"medium",TRUE,TRUE
390,,FALSE,"Aspect,Deixis,Mood,Number,Posterior,Referential,Reflexive_and_Reciprocal,Status,TM","TAM+,number,pragmatic,valence",13,,,"high",13,,"medium",FALSE,"separative",,,FALSE,TRUE,,"A-default,B-default,U-default",26,,"high",,
642,,FALSE,"Polarity,TA,Voice","TAM+,operators,valence",7,4,"low","medium",7,3,"medium",FALSE,"separative",,,FALSE,FALSE,,"A-default,B-default,U-default",14,,"medium",,
498,TRUE,FALSE,"Aspect,Focus,Number,Polarity,Reflexive_and_Reciprocal,Repetition,Tense,Voice","TAM+,event-specs,number,operators,pragmatic,valence",12,9,"medium","high",10,7,"medium",FALSE,"cumulative",,TRUE,FALSE,TRUE,TRUE,"A-default,B-default,U-default",22,TRUE,"medium",,
370,,,"Aspect,Polarity,Tense","TAM+,operators",6,,,"medium",7,,"medium",FALSE,"distributive",,,FALSE,TRUE,,"A-default,B-default,U-default",13,,"medium",,
499,,FALSE,"Deixis,TAM","TAM+,pragmatic",5,,,"medium",6,,"low",FALSE,"distributive",,TRUE,FALSE,TRUE,TRUE,"A-default,B-default,U-default",11,TRUE,"low",,
393,,FALSE,"Quantificational,Tense","TAM+,number",5,,,"medium",5,,"low",FALSE,"separative",,,FALSE,TRUE,,"A-default,B-default,U-default",10,,"low",,
152,TRUE,,"Quantificational,Status,Tense","TAM+,number",6,3,,"medium",,,,TRUE,,TRUE,,FALSE,FALSE,,"A-default,I-default,U-default",,,,TRUE,FALSE
77,TRUE,FALSE,"Causative,Connective,TAM,Valence,Voice","TAM+,inter-clausal,valence",7,5,,"medium",9,,"medium",TRUE,"distributive",FALSE,FALSE,TRUE,TRUE,FALSE,"A-default,U-default",16,FALSE,"medium",FALSE,FALSE
98,,FALSE,"Construct,Illocution,Polarity,TAM","NP-related,TAM+,operators",7,,,"medium",8,,"medium",FALSE,"distributive",,FALSE,FALSE,TRUE,FALSE,"A-default,S-default,U-default",15,FALSE,"medium",,
412,,,,,,,,,,,,FALSE,,,,FALSE,FALSE,,"A-default,B-default,U-default",,,,,
402,,FALSE,"Aspect,Connective,Mood,Reflexive_and_Reciprocal","TAM+,inter-clausal,valence",7,,,"medium",7,,"medium",TRUE,"separative",TRUE,,FALSE,TRUE,,"A-default,B-default,U-default",14,,"medium",TRUE,FALSE
12,TRUE,,"Applicative,Number,Reflexive_and_Reciprocal","number,valence",6,3,,"medium",4,,"low",TRUE,"cumulative",TRUE,,FALSE,TRUE,TRUE,"A-default,S-default,U-default",10,TRUE,"low",TRUE,FALSE
525,,FALSE,"Number,TA","TAM+,number",5,,,"medium",6,,"low",FALSE,"distributive",,,FALSE,TRUE,,"A-default,B-default,U-default",11,,"low",,
177,TRUE,,"Polarity,TAM","TAM+,operators",5,2,,"medium",,,,FALSE,,,,FALSE,TRUE,,"A-default,S-default,U-default",,,,,
147,,FALSE,"Polarity,Tense,Voice","TAM+,operators,valence",6,,,"medium",5,,"low",FALSE,"cumulative",,,FALSE,TRUE,,"A-default,U-default",11,,"low",,
635,,,"Aktionsart,Mood,Quantificational,TAM,Voice","TAM+,number,valence",9,6,"low","medium",5,6,"low",FALSE,"cumulative",,FALSE,FALSE,FALSE,,"A-default,POSS-default,U-default",14,,"medium",,
633,TRUE,,"Aspect,Causative,Illocution,Mood,Tense","TAM+,valence",8,5,"low","medium",8,5,"medium",FALSE,"separative",,,FALSE,FALSE,,"A-default,B-default,U-default",16,TRUE,"medium",,
558,,,"Polarity,TAM,Voice","TAM+,operators,valence",6,,,"medium",7,,"medium",FALSE,"distributive",,FALSE,FALSE,FALSE,FALSE,"A-default,B-default,U-default",13,FALSE,"medium",,
20,,FALSE,"Aspect,Polarity,TAM","TAM+,operators",7,,,"medium",4,,"low",FALSE,"cumulative",,TRUE,FALSE,FALSE,TRUE,"A-default,B-default,U-default",11,,"low",,
3313,TRUE,FALSE,"Deixis,Mood,Polarity","TAM+,operators,pragmatic",6,3,"low","medium",5,3,"low",TRUE,"cumulative",TRUE,,FALSE,FALSE,,"A-default,B-default,U-default",11,TRUE,"low",TRUE,FALSE
178,,,"Applicative,Number,Quantificational,Status,TM","TAM+,number,valence",9,6,"low","medium",8,6,"medium",FALSE,"cumulative",,,FALSE,TRUE,,"A-default,U-default",17,,"medium",,
149,TRUE,TRUE,"Aktionsart,Number,TAM","TAM+,number",6,3,,"medium",7,,"medium",FALSE,"distributive",,TRUE,FALSE,FALSE,FALSE,"A-default,AFF,U-default",13,TRUE,"medium",,
80,,FALSE,"Tense","TAM+",4,,,"low",5,,"low",FALSE,"distributive",,,FALSE,TRUE,,"A-default,B-default,U-default",9,,"low",,
553,,FALSE,"Connective,Polarity,TAM,Voice","TAM+,inter-clausal,operators,valence",8,5,"low","medium",8,5,"medium",FALSE,"separative",,TRUE,FALSE,TRUE,TRUE,"A-default,B-def,T-default",16,TRUE,"medium",,
571,TRUE,,"Polarity,TAM","TAM+,operators",7,4,,"medium",7,,"medium",FALSE,"separative",,,FALSE,TRUE,TRUE,"A-default,B-default,U-default",14,TRUE,"medium",,
481,TRUE,,"Aspect,Deixis,Number,TAM,Version,Voice","TAM+,number,pragmatic,valence",9,6,"medium","medium",8,8,"medium",FALSE,"cumulative",,FALSE,FALSE,FALSE,,"A-default,B-default,U-default",17,,"medium",,
664,TRUE,FALSE,"Illocution,MA,Mood,Polarity,TM","TAM+,operators",8,5,"low","medium",8,4,"medium",TRUE,"separative",FALSE,,FALSE,FALSE,FALSE,"A-default,B-default,U-default",16,TRUE,"medium",TRUE,TRUE
3213,TRUE,,"Connective,Illocution,Polarity,TAM","TAM+,inter-clausal,operators",7,4,"low","medium",6,3,"low",TRUE,"cumulative",FALSE,,FALSE,FALSE,FALSE,"A-default,B-default,U-default",13,,"medium",FALSE,FALSE
569,TRUE,FALSE,"TAM,Voice","TAM+,valence",5,2,"low","medium",3,2,"low",FALSE,"cumulative",,TRUE,FALSE,FALSE,TRUE,"A-default,B-default,U-default",8,TRUE,"low",,
725,TRUE,,"Reflexive_and_Reciprocal,TAM,Voice","TAM+,valence",6,3,"low","medium",6,3,"low",FALSE,"separative",,,FALSE,FALSE,,"A-default,B-default,U-default",12,,"medium",,
683,TRUE,,"Mood,Reflexive_and_Reciprocal,TAM","TAM+,valence",6,3,"low","medium",6,3,"low",FALSE,"separative",,TRUE,FALSE,FALSE,TRUE,"A-default,B-default,U-default",12,TRUE,"medium",,
3229,TRUE,,"Aspect,Mood,Polarity,TAM,TE,Voice","TAM+,operators,valence",9,6,"low","medium",6,3,"low",FALSE,"cumulative",,TRUE,FALSE,FALSE,TRUE,"A-default,B-default,U-default",15,TRUE,"medium",,
678,TRUE,,"Aspect,Mood,Polarity,TAM,TE,Voice","TAM+,operators,valence",9,6,"low","medium",8,3,"medium",FALSE,"cumulative",,TRUE,FALSE,FALSE,TRUE,"A-default,B-default,U-default",17,TRUE,"medium",,
112,TRUE,,"Classifier,Connective,Focus,Illocution,Polarity,Status,TAM","TAM+,classification,inter-clausal,operators,pragmatic",10,7,,"high",10,,"medium",FALSE,"separative",,,FALSE,FALSE,TRUE,"A-default,AFF,U-default",20,FALSE,"medium",,
329,FALSE,,,,,,,,,,,FALSE,,,,FALSE,TRUE,,"A-default,U-default",,,,,
465,TRUE,FALSE,"Evidential,Focus,Polarity,Quantificational,Switch_reference,TAM","TAM+,evidential,inter-clausal,number,operators,pragmatic",8,6,"medium","medium",10,9,"medium",FALSE,"cumulative",,,FALSE,TRUE,TRUE,"A-default,U-default",18,TRUE,"medium",,
2949,TRUE,TRUE,"Aspect,Deixis,Direction,Evidential,Number,Polarity,Semistem,TAM,Voice","TAM+,evidential,number,operators,other,pragmatic,role,valence",11,9,"medium","high",11,7,"medium",FALSE,"separative",,,TRUE,TRUE,,"A-default,U-default",22,,"medium",,
550,,FALSE,"Symmetrical_voice,TAM","TAM+,pragmatic",4,,,"low",3,,"low",FALSE,"cumulative",,,TRUE,TRUE,,"A-default,U-default",7,,"low",,
103,,FALSE,"Aspect,Mood,Polarity,Tense","TAM+,operators",8,,,"medium",9,,"medium",FALSE,"distributive",,,FALSE,TRUE,,"A-default,U-default",17,,"medium",,
401,,,"Mood,Quantificational,TAM,Tense,Voice","TAM+,number,valence",7,,,"medium",7,,"medium",FALSE,"separative",,,TRUE,TRUE,,"A-default,U-default",14,,"medium",,
735,TRUE,FALSE,"Aspect,Polarity,Tense","TAM+,operators",6,4,"low","medium",8,4,"medium",FALSE,"distributive",,TRUE,FALSE,FALSE,TRUE,"A-default,U-default",14,TRUE,"medium",,
208,TRUE,,"Aspect,Causative,Mood,Number,Quantificational,RECIP,Reflexive,Tense","TAM+,number,valence",12,10,"medium","high",13,11,"medium",FALSE,"distributive",,,TRUE,TRUE,,"A-default,U-default",25,,"high",,
93,,,"Applicative,Aspect,Connective,Deixis,Reflexive_and_Reciprocal,TAM,Tense","TAM+,inter-clausal,pragmatic,valence",10,,,"high",15,,"high",TRUE,"distributive",TRUE,TRUE,TRUE,TRUE,FALSE,"A-default,U-default",25,,"high",TRUE,TRUE
726,,,,,,,,,,,,TRUE,,TRUE,,FALSE,TRUE,,"A-default,U-default",,,,TRUE,FALSE
2508,TRUE,,"Aspect,Mood,Polarity,Tense","TAM+,operators",6,4,"low","medium",6,4,"low",FALSE,"separative",,,TRUE,TRUE,,"A-default",12,,"medium",,
461,TRUE,FALSE,"Number,Polarity,Quantificational,TA,Voice","TAM+,number,operators,valence",8,6,,"medium",12,,"medium",TRUE,"cumulative",TRUE,,TRUE,TRUE,TRUE,"A-default,U-default",20,TRUE,"medium",TRUE,FALSE
1775,TRUE,FALSE,"Aspect,Mood,Polarity,Tense","TAM+,operators",7,5,"low","medium",8,6,"medium",FALSE,"distributive",,TRUE,FALSE,FALSE,,"A-default,U-default",15,TRUE,"medium",,
658,TRUE,,"Illocution,Reflexive_and_Reciprocal,TAM","TAM+,valence",5,3,"low","medium",5,3,"low",FALSE,"separative",,,TRUE,TRUE,,"A-default,U-default",10,,"low",,
3278,TRUE,FALSE,"Direction,MA,Mood,Polarity","TAM+,operators,role",6,4,"low","medium",5,4,"low",TRUE,"cumulative",TRUE,TRUE,FALSE,TRUE,TRUE,"A-default,U-default",11,TRUE,"low",TRUE,FALSE
10,,FALSE,"Aktionsart,Mood,Number,Polarity","TAM+,number,operators",8,6,"low","medium",6,4,"low",FALSE,"cumulative",,,TRUE,TRUE,TRUE,"A-default,U-default",14,TRUE,"medium",,
82,,FALSE,"Deixis,TAM,TM","TAM+,pragmatic",5,,,"medium",5,,"low",FALSE,"separative",,,TRUE,TRUE,,"A-default,U-default",10,,"low",,
3331,TRUE,TRUE,"Aspect,Honorificity,Mood,Polarity,TA,TM","TAM+,operators,pragmatic",8,6,"low","medium",8,6,"medium",FALSE,"separative",,TRUE,TRUE,TRUE,,"A-default,U-default",16,TRUE,"medium",,
2514,TRUE,,"Aspect,Causative,Connective,Evidential,Illocution,Mood,Polarity,RECIP,Reflexive,Tense","TAM+,evidential,inter-clausal,operators,valence",12,10,"high","high",18,14,"high",TRUE,"distributive",TRUE,,TRUE,TRUE,,"A-default,U-default",30,,"high",TRUE,FALSE
688,TRUE,,"Aktionsart,Illocution,Modality,Motion,Number,Quantificational,Reflexive,Voice","TAM+,event-specs,number,valence",11,9,"medium","high",11,9,"medium",TRUE,"separative",TRUE,,TRUE,TRUE,,"A-default,U-default",22,,"medium",TRUE,FALSE
91,,,"Polarity,Tense","TAM+,operators",4,,,"low",3,,"low",TRUE,"cumulative",TRUE,,FALSE,FALSE,,"A-default,B-default",7,,"low",TRUE,FALSE
55,FALSE,,"Aktionsart,Number,Polarity,Symmetrical_voice,Tense","TAM+,number,operators,pragmatic",7,5,"low","medium",7,5,"medium",FALSE,"separative",,,TRUE,TRUE,,"A-default,U-default",14,,"medium",,
110,TRUE,FALSE,"Mood,Tense","TAM+",3,2,"low","low",3,2,"low",FALSE,"separative",,,FALSE,FALSE,,"A-default",6,TRUE,"low",,
2020,TRUE,FALSE,"Aspect,Causative,Mood,Polarity,Possessor,Reflexive_and_Reciprocal","NP-related,TAM+,operators,valence",8,6,"low","medium",7,6,"medium",TRUE,"cumulative",TRUE,,TRUE,TRUE,,"B-default,U-default",15,TRUE,"medium",TRUE,FALSE
181,FALSE,FALSE,"Quantificational,Status,TAM,Tense","TAM+,number",6,4,"low","medium",4,3,"low",FALSE,"cumulative",,,TRUE,TRUE,,"A-default,U-default",10,,"low",,
32,,FALSE,"TAM","TAM+",4,1,"low","low",5,2,"low",FALSE,"distributive",,,FALSE,TRUE,TRUE,"A-default,T-default,U-default",9,TRUE,"low",,
460,TRUE,FALSE,"TAM,Voice","TAM+,valence",5,3,"low","medium",5,3,"low",FALSE,"separative",,FALSE,TRUE,TRUE,FALSE,"A-default,U-default",10,TRUE,"low",,
155,FALSE,TRUE,"Aktionsart,Evidential,Polarity,Tense","TAM+,evidential,operators",6,4,"low","medium",7,5,"medium",FALSE,"distributive",,,FALSE,FALSE,,"A-default,U-default",13,,"medium",,
378,TRUE,FALSE,"Number,TAM,Voice","TAM+,number,valence",5,3,,"medium",8,,"medium",TRUE,"distributive",TRUE,,TRUE,TRUE,TRUE,"A-default,U-default",13,TRUE,"medium",TRUE,TRUE
576,TRUE,FALSE,"Polarity,TAM","TAM+,operators",4,2,,"low",3,,"low",TRUE,"cumulative",TRUE,,FALSE,FALSE,FALSE,"A-default,U-default",7,TRUE,"low",TRUE,FALSE
202,,,"Aspect,Connective,Number,Polarity,TM","TAM+,inter-clausal,number,operators",9,6,"medium","medium",10,7,"medium",FALSE,"cumulative",,,TRUE,TRUE,,"A-default,B-default,U-default",19,,"medium",,
26,,FALSE,"Mood,Tense","TAM+",4,,,"low",4,,"low",FALSE,"separative",,,FALSE,FALSE,TRUE,"A-default,U-default",8,,"low",,
63,,FALSE,"Mood,Quantificational,Status,Tense","TAM+,number",6,,,"medium",5,,"low",FALSE,"cumulative",,,TRUE,TRUE,,"A-default,U-default",11,,"low",,
210,,FALSE,"Aspect,TAM","TAM+",4,,,"low",2,,"low",TRUE,"cumulative",FALSE,TRUE,FALSE,FALSE,TRUE,"A-default,U-default",6,TRUE,"low",FALSE,FALSE
388,,,"TAM","TAM+",4,,,"low",4,,"low",FALSE,"separative",,TRUE,TRUE,TRUE,TRUE,"A-default,U-default",8,TRUE,"low",,
581,TRUE,FALSE,"Applicative,Causative,MTN,Reflexive_and_Reciprocal,TAM,Tense,Voice","TAM+,valence",9,7,"low","medium",7,5,"medium",FALSE,"cumulative",,,TRUE,TRUE,TRUE,"A-default,U-default",16,TRUE,"medium",,
2951,TRUE,,"Deixis,Number,Polarity,Reflexive,TA,Valence,Voice","TAM+,number,operators,pragmatic,valence",10,8,"medium","high",10,8,"medium",TRUE,"separative",TRUE,,TRUE,TRUE,,"A-default,U-default",20,,"medium",TRUE,FALSE
1623,,,"Aktionsart,Control,Quantificational,Tense,Voice","TAM+,number,role,valence",7,,,"medium",7,,"medium",TRUE,"separative",TRUE,,FALSE,FALSE,,"A-default,U-default",14,,"medium",TRUE,FALSE
68,TRUE,,"Deixis,Reflexive_and_Reciprocal,Semistem,Tense","TAM+,other,pragmatic,valence",7,5,"low","medium",5,3,"low",FALSE,"cumulative",,,TRUE,TRUE,,"A-default,U-default",12,,"medium",,
3240,TRUE,,"Applicative,Causative,Evidential,Polarity,Quantificational,Referential,Reversative,Status,Tense","TAM+,event-specs,evidential,number,operators,pragmatic,valence",12,10,"medium","high",14,12,"high",TRUE,"distributive",TRUE,,FALSE,TRUE,,"A-default,U-default",26,,"high",TRUE,FALSE
40,,FALSE,"Connective,Illocution,Number,Polarity,TAM,Voice","TAM+,inter-clausal,number,operators,valence",8,,,"medium",10,,"medium",FALSE,"cumulative",,TRUE,FALSE,TRUE,TRUE,"A-default,U-default",18,TRUE,"medium",,
173,,FALSE,"Modality,Polarity,Status,TA","TAM+,operators",6,,,"medium",5,,"low",FALSE,"cumulative",,,TRUE,TRUE,,"A-default,U-default",11,,"low",,
14,,,"Aktionsart,Aspect,Deixis,Illocution,Mood,Status,Tense","TAM+,pragmatic",11,9,"medium","high",11,9,"medium",TRUE,"separative",TRUE,TRUE,FALSE,FALSE,,"A-default,U-default",22,TRUE,"medium",TRUE,FALSE
406,TRUE,TRUE,"Aspect,Causative,Deixis,Evidential,Illocution,Number,Person,Polarity,TAM","TAM+,evidential,number,operators,person,pragmatic,valence",12,10,"medium","high",14,12,"high",FALSE,"distributive",,,TRUE,TRUE,,"A-default,U-default",26,,"high",,
368,TRUE,,"Aspect,Construct,Deixis,Focus,Status,Tense","NP-related,TAM+,pragmatic",10,8,"medium","high",9,7,"medium",FALSE,"distributive",,,FALSE,TRUE,TRUE,"A-default,U-default",19,,"medium",,
2172,,,"Aspect,Causative,Evidential,Illocution,Polarity,Referential,TAM,Voice","TAM+,evidential,operators,pragmatic,valence",10,8,"low","high",6,4,"low",FALSE,"distributive",,,FALSE,FALSE,,"A-default,U-default",16,,"medium",,
2471,TRUE,FALSE,"Aspect,Mood,Polarity,TM,Voice","TAM+,operators,valence",8,5,,"medium",5,,"low",TRUE,"cumulative",FALSE,,FALSE,FALSE,,"A-default,B-default,U-default",13,TRUE,"medium",FALSE,FALSE
352,TRUE,,"Applicative,Mood,Polarity,Reflexive_and_Reciprocal,Switch_reference,Tense","TAM+,inter-clausal,operators,valence",8,6,"low","medium",8,6,"medium",FALSE,"separative",,,FALSE,FALSE,,"A-default,U-default",16,,"medium",,
3101,TRUE,,"Polarity,TA,TAM,Voice","TAM+,operators,valence",6,4,"low","medium",,4,,FALSE,,,,FALSE,FALSE,,"A-default,U-default",,,,,
1531,TRUE,,"Connective,Polarity,TAM,Voice","TAM+,inter-clausal,operators,valence",6,4,,"medium",,,,FALSE,,,,TRUE,TRUE,FALSE,"S-default,U-default",,,,,
191,,,"Number,Polarity,Reflexive,TAM","TAM+,number,operators,valence",6,,,"medium",7,,"medium",FALSE,"distributive",,,FALSE,FALSE,,"A-default,U-default",13,,"medium",,
1140,FALSE,,"Applicative,Aspect,Reflexive,Tense,Voice","TAM+,valence",7,5,"low","medium",7,5,"medium",TRUE,"separative",TRUE,,TRUE,TRUE,,"A-default,U-default",14,,"medium",TRUE,FALSE
400,,,"Aktionsart,Applicative,Aspect,Modality,Motion,RECIP,Reflexive_and_Reciprocal","TAM+,event-specs,valence",,,,,,,,TRUE,,TRUE,,TRUE,TRUE,,"A-default,U-default",,,,TRUE,FALSE
180,,,"Applicative,Aspect,Causative,Number,Tense,Voice","TAM+,number,valence",8,6,"low","medium",8,6,"medium",FALSE,"separative",,,FALSE,TRUE,,"A-default,U-default",16,,"medium",,
722,TRUE,FALSE,"Aspect,MA,Polarity,TA","TAM+,operators",6,4,,"medium",7,,"medium",FALSE,"distributive",,,FALSE,FALSE,,"A-default,U-default",13,TRUE,"medium",,
3239,TRUE,,"Aspect,Causative,Conditional,Deixis,Number,Status,Tense,Version","TAM+,number,pragmatic,valence",10,8,"medium","high",8,7,"medium",FALSE,"distributive",,,FALSE,TRUE,,"A-default,U-default",18,,"medium",,
2513,,,"Aktionsart,Applicative,Causative,Connective,Modality,Mood,Polarity,RECIP,Voice","TAM+,inter-clausal,operators,valence",11,10,"high","high",19,18,"high",FALSE,"distributive",,,TRUE,TRUE,,"A-default",30,,"high",,
2944,TRUE,TRUE,"Aspect,Mood,Polarity","TAM+,operators",4,4,"low","low",3,3,"low",FALSE,"cumulative",,TRUE,,,,,7,TRUE,"low",,
332,,,"Number,TAM","TAM+,number",4,,,"low",4,,"low",FALSE,"separative",,,TRUE,TRUE,,"A-default,U-default",8,,"low",,
200,,,"Aspect,Evidential,Gender,Polarity,Reflexive,Tense","TAM+,classification,evidential,operators,valence",8,6,"low","medium",8,6,"medium",TRUE,"separative",TRUE,TRUE,FALSE,FALSE,TRUE,"A-default,U-default",16,TRUE,"medium",TRUE,FALSE
318,,,"Polarity,Tense","TAM+,operators",4,,,"low",4,,"low",FALSE,"separative",,,TRUE,TRUE,,"A-default,U-default",8,,"low",,
159,TRUE,FALSE,"Construct,Deixis,TAM,Voice","NP-related,TAM+,pragmatic,valence",6,4,,"medium",5,,"low",FALSE,"cumulative",,FALSE,FALSE,TRUE,FALSE,"A-default,U-default",11,TRUE,"low",,
454,TRUE,TRUE,"Tense","TAM+",3,1,,"low",3,,"low",TRUE,"separative",FALSE,,TRUE,TRUE,TRUE,"A-default,U-default",6,TRUE,"low",FALSE,FALSE
429,,,"Aktionsart,Applicative,Causative,Polarity,RECIP,Reflexive,TM","TAM+,operators,valence",9,,,"medium",12,,"medium",TRUE,"cumulative",TRUE,,FALSE,TRUE,,"A-default,U-default",21,,"medium",TRUE,FALSE
648,,,"Aspect,Polarity","TAM+,operators",4,2,"low","low",6,4,"low",FALSE,"distributive",,FALSE,FALSE,TRUE,FALSE,"A-default,U-default",10,FALSE,"low",,
61,,FALSE,"Aspect,Connective,Status,Tense","TAM+,inter-clausal",7,,,"medium",7,,"medium",FALSE,"separative",,,FALSE,TRUE,,"A-default,U-default",14,,"medium",,
145,TRUE,TRUE,"Aspect,Deixis,Direction,Evidential,Polarity,Semistem,TAM,Voice","TAM+,evidential,operators,other,pragmatic,role,valence",10,8,"low","high",10,6,"medium",FALSE,"separative",,,FALSE,TRUE,,"A-default,U-default",20,,"medium",,
51,,,"Aspect,Causative,Deixis,Evidential,Illocution,Mood,Number,Status,Tense","TAM+,evidential,number,pragmatic,valence",11,10,"medium","high",13,11,"medium",TRUE,"distributive",TRUE,,TRUE,TRUE,,"A-default",24,,"high",TRUE,FALSE
167,,,"Connective,Polarity,TAM,Voice","TAM+,inter-clausal,operators,valence",6,,,"medium",8,,"medium",FALSE,"distributive",,,TRUE,TRUE,,"A-default,U-default",14,,"medium",,
668,TRUE,,"Aspect,Status,Tense","TAM+",5,3,,"medium",6,,"low",TRUE,"distributive",TRUE,,FALSE,FALSE,,"A-default,U-default",11,,"low",TRUE,FALSE
162,,FALSE,"Polarity,TAM","TAM+,operators",2,2,"low","low",3,3,"low",FALSE,"distributive",,TRUE,,,TRUE,,5,,"low",,
2050,TRUE,,"Aktionsart,Number,Polarity,Spatial,Voice","TAM+,event-specs,number,operators,valence",7,5,"low","medium",7,5,"medium",FALSE,"separative",,,FALSE,FALSE,,"A-default,U-default",14,,"medium",,
129,FALSE,TRUE,"TA","TAM+",3,,,"low",4,,"low",FALSE,"distributive",,,FALSE,TRUE,,"A-default,U-default",7,,"low",,
154,TRUE,FALSE,"Construct,Evidential,Polarity,TAM,Version,Voice","NP-related,TAM+,evidential,operators,valence",8,6,"high","medium",16,13,"high",TRUE,"cumulative",FALSE,FALSE,FALSE,TRUE,FALSE,"A-default,U-default",24,FALSE,"high",FALSE,FALSE
123,,,"Number,Reflexive_and_Reciprocal,TAM","TAM+,number,valence",6,,,"medium",6,,"low",FALSE,"separative",,,TRUE,TRUE,,"A-default,U-default",12,,"medium",,
619,,,"Aktionsart,Aspect,Status,Voice","TAM+,valence",6,4,"low","medium",5,4,"low",FALSE,"cumulative",,,TRUE,TRUE,,"A-default,U-default",11,,"low",,
343,FALSE,,,,,,,,,,,FALSE,,,,TRUE,TRUE,,"A-default,U-default",,,,,
134,,,"Aktionsart,Aspect,Number,Quantificational,Status","TAM+,number",7,,,"medium",6,,"low",FALSE,"cumulative",,,TRUE,TRUE,,"A-default,U-default",13,,"medium",,
89,,FALSE,"Focus,Polarity,TAM","TAM+,operators,pragmatic",5,3,"medium","medium",10,10,"medium",TRUE,"cumulative",TRUE,,TRUE,TRUE,TRUE,"A-default,U-default",15,TRUE,"medium",TRUE,FALSE
844,TRUE,FALSE,"Tense","TAM+",1,1,"low","low",1,1,"low",TRUE,"separative",FALSE,FALSE,,,FALSE,,2,TRUE,"low",FALSE,FALSE
2873,TRUE,FALSE,"Aspect,Mood,Polarity,Tense","TAM+,operators",6,4,"low","medium",9,4,"medium",TRUE,"distributive",FALSE,,FALSE,TRUE,,"A-default,U-default",15,TRUE,"medium",TRUE,TRUE
655,FALSE,,"Applicative,Aspect,Deixis,Quantificational,Reflexive_and_Reciprocal,Spatial,TAM","TAM+,event-specs,number,pragmatic,valence",10,8,"medium","high",13,12,"medium",TRUE,"distributive",TRUE,,TRUE,TRUE,,"A-default,U-default",23,,"high",TRUE,TRUE
125,,,"Aktionsart,Number,Quantificational,Repetition,Tense","TAM+,event-specs,number",8,,,"medium",10,,"medium",FALSE,"cumulative",,TRUE,FALSE,FALSE,TRUE,"A-default,U-default",18,TRUE,"medium",,
395,,TRUE,"Aspect,Tense","TAM+",4,,,"low",4,,"low",FALSE,"separative",,,FALSE,TRUE,,"A-default,U-default",8,,"low",,
564,,FALSE,"Evidential,Polarity,Quantificational,Status,TAM,Version","TAM+,evidential,number,operators,valence",9,,,"medium",5,,"low",FALSE,"cumulative",,FALSE,FALSE,FALSE,FALSE,"S-default,U-default",14,TRUE,"medium",,
169,TRUE,FALSE,"Honorificity,Mood,TA","TAM+,pragmatic",4,3,"low","low",4,3,"low",FALSE,"separative",,,FALSE,FALSE,,"A-default",8,,"low",,
50,TRUE,,"Polarity,Reflexive,Tense","TAM+,operators,valence",5,3,,"medium",,,,FALSE,,,,FALSE,TRUE,,"A-default,U-default",,,,,
2120,,,"Causative,Polarity,TAM,Voice","TAM+,operators,valence",6,4,"low","medium",6,4,"low",FALSE,"separative",,,FALSE,FALSE,,"A-default,U-default",12,,"medium",,
612,,FALSE,"Mood,Polarity,Quantificational,TM,Voice","TAM+,number,operators,valence",8,,,"medium",5,,"low",FALSE,"cumulative",,,FALSE,FALSE,,"A-default,U-default",13,,"medium",,
2564,TRUE,,"Applicative,Aspect,Causative,Control,Mood,Number,Reflexive_and_Reciprocal,Voice","TAM+,number,role,valence",12,10,"medium","high",11,11,"medium",TRUE,"cumulative",TRUE,,FALSE,FALSE,,"A-default,U-default",23,,"high",TRUE,FALSE
632,TRUE,FALSE,"Tense","TAM+",3,1,"low","low",5,1,"low",FALSE,"distributive",,TRUE,FALSE,FALSE,TRUE,"A-default,U-default",8,TRUE,"low",,
34,,,"Polarity,Reflexive,Voice","operators,valence",5,3,"low","medium",6,3,"low",FALSE,"distributive",,,FALSE,TRUE,,"A-default,U-default",11,,"low",,
382,,,"Aspect,MSE,Mood,Number,Polarity,Quantificational,Reflexive_and_Reciprocal,Status,TAM","TAM+,number,operators,valence",12,,,"high",12,,"medium",FALSE,"separative",,,FALSE,FALSE,,"A-default,U-default",24,,"high",,
3311,FALSE,,"Aspect,Deixis,TA","TAM+,pragmatic",5,3,"low","medium",5,3,"low",FALSE,"separative",,TRUE,FALSE,TRUE,TRUE,"A-default,U-default",10,TRUE,"low",,
340,TRUE,FALSE,"Aspect,Mood,Polarity,TM,Voice","TAM+,operators,valence",6,5,,"medium",6,,"low",TRUE,"separative",FALSE,,FALSE,FALSE,TRUE,"A-default",12,TRUE,"medium",FALSE,FALSE
176,FALSE,FALSE,"Evidential,Nominalizer,Polarity,Quantificational,Symmetrical_voice,TAM,Voice","NP-related,TAM+,evidential,number,operators,pragmatic,valence",9,7,"medium","medium",10,8,"medium",TRUE,"cumulative",TRUE,,FALSE,FALSE,TRUE,"A-default,U-default",19,TRUE,"medium",TRUE,FALSE
456,TRUE,TRUE,"Causative,MA,Polarity,TAM","TAM+,operators,valence",6,4,"low","medium",6,4,"low",FALSE,"separative",,,FALSE,FALSE,TRUE,"A-default,U-default",12,FALSE,"medium",,
44,,,"Focus,Modality,TAM,Valence,Voice","TAM+,pragmatic,valence",6,,,"medium",5,,"low",TRUE,"cumulative",TRUE,FALSE,FALSE,FALSE,FALSE,"A-default",11,FALSE,"low",TRUE,FALSE
582,,,"Aspect,Deixis,Reflexive_and_Reciprocal,Tense","TAM+,pragmatic,valence",6,4,"low","medium",6,4,"low",FALSE,"separative",,,FALSE,TRUE,,"A-default,U-default",12,,"medium",,
47,,,"Aktionsart,Modality,Mood,TA","TAM+",7,5,"low","medium",8,6,"medium",FALSE,"distributive",,,FALSE,TRUE,,"A-default,U-default",15,,"medium",,
325,TRUE,FALSE,"Aspect,Mood,Polarity,Tense,Valence","TAM+,operators,valence",7,5,"low","medium",4,3,"low",TRUE,"cumulative",TRUE,,FALSE,FALSE,FALSE,"A-default,U-default",11,FALSE,"low",TRUE,FALSE
9,,,,,3,,,"low",3,,"low",FALSE,"separative",,,FALSE,TRUE,,"A-default,B-default,U-default",6,,"low",,
2779,TRUE,,"Aspect,Status,Tense,Valence","TAM+,valence",6,4,,"medium",3,,"low",TRUE,"cumulative",TRUE,FALSE,FALSE,FALSE,,"A-default,U-default",9,,"low",TRUE,FALSE
1130,TRUE,,"TA","TAM+",4,2,"low","low",6,2,"low",TRUE,"distributive",FALSE,,FALSE,FALSE,FALSE,"A-default,U/B-default",10,TRUE,"low",TRUE,TRUE
1317,TRUE,FALSE,"Polarity,Tense","TAM+,operators",4,2,"low","low",3,2,"low",FALSE,"cumulative",,TRUE,FALSE,FALSE,TRUE,"A-default,U-default",7,TRUE,"low",,
2563,TRUE,FALSE,"Polarity,Tense","TAM+,operators",4,2,"low","low",4,2,"low",TRUE,"separative",FALSE,TRUE,FALSE,FALSE,TRUE,"A-default,U-default",8,TRUE,"low",TRUE,TRUE
1914,TRUE,,"Deixis,Focus,MA,Polarity","TAM+,operators,pragmatic",6,4,"low","medium",7,5,"medium",FALSE,"distributive",,FALSE,FALSE,FALSE,,"A-default,U-default",13,TRUE,"medium",,
512,TRUE,,"Evidential,Number,Reflexive,TAM,Voice","TAM+,evidential,number,valence",7,5,"medium","medium",14,12,"high",TRUE,"cumulative",FALSE,,FALSE,TRUE,FALSE,"A-default,U-default",21,,"medium",TRUE,TRUE
104,TRUE,FALSE,"Aspect,Evidential,Nominalizer,Number,TAM,Voice","NP-related,TAM+,evidential,number,valence",9,7,"low","medium",7,5,"medium",FALSE,"cumulative",,,FALSE,FALSE,TRUE,"A-default,U-default",16,TRUE,"medium",,
56,TRUE,FALSE,"Aspect,Evidential,TAM,Voice","TAM+,evidential,valence",6,4,,"medium",10,,"medium",TRUE,"cumulative",TRUE,,FALSE,TRUE,TRUE,"A-default,U-default",16,TRUE,"medium",TRUE,FALSE
100,TRUE,,"TAM","TAM+",2,1,"low","low",2,1,"low",FALSE,"separative",,,FALSE,FALSE,,"A-default",4,,"low",,
511,,,"Aspect,TA,Voice","TAM+,valence",5,3,"low","medium",6,5,"low",TRUE,"distributive",TRUE,,FALSE,FALSE,,"A-default,U-default",11,,"low",TRUE,FALSE
686,,,"Deixis,Polarity,Quantificational,TA,Tense","TAM+,number,operators,pragmatic",7,,,"medium",8,,"medium",FALSE,"distributive",,FALSE,FALSE,FALSE,,"A-default,U-default",15,,"medium",,
428,,,"Aspect,Number,Polarity,Tense,Voice","TAM+,number,operators,valence",7,5,"low","medium",7,5,"medium",FALSE,"separative",,,FALSE,FALSE,,"A-default,U-default",14,,"medium",,
2826,TRUE,TRUE,"Aspect,Deixis,Direction,Evidential,Polarity,Semistem,TAM,Voice","TAM+,evidential,operators,other,pragmatic,role,valence",10,8,"low","high",10,6,"medium",FALSE,"separative",,,FALSE,TRUE,,"A-default,U-default",20,,"medium",,
399,TRUE,FALSE,"Number,Polarity,TAM,Voice","TAM+,number,operators,valence",5,4,"low","medium",5,5,"low",FALSE,"separative",,,,,TRUE,"A-default",10,TRUE,"low",,
356,TRUE,,"Aktionsart,Aspect,RECIP,Reflexive,Tense,Voice","TAM+,valence",8,6,"low","medium",7,5,"medium",FALSE,"cumulative",,,FALSE,FALSE,,"A-default,U-default",15,,"medium",,
3173,TRUE,,"Causative,Focus,MA,Polarity,Voice","TAM+,operators,pragmatic,valence",7,5,"low","medium",7,5,"medium",FALSE,"separative",,,FALSE,FALSE,,"A-default,U-default",14,,"medium",,
299,,,"Polarity,TAM","TAM+,operators",4,,,"low",7,,"medium",FALSE,"distributive",,,FALSE,TRUE,,"A-default,U-default",11,,"low",,
206,TRUE,FALSE,"Aspect,Honorificity,Polarity,TAM,Voice","TAM+,operators,pragmatic,valence",6,5,"low","medium",5,3,"low",FALSE,"cumulative",,,FALSE,FALSE,,"A-default",11,,"low",,
141,,,"Honorificity,Illocution,Mood,TA,Voice","TAM+,pragmatic,valence",7,6,"medium","medium",7,7,"medium",FALSE,"separative",,,TRUE,TRUE,,"A-default",14,,"medium",,
188,TRUE,FALSE,"Causative,RECIP,TAM,Voice","TAM+,valence",4,4,"low","low",3,2,"low",FALSE,"cumulative",,,TRUE,FALSE,TRUE,,7,TRUE,"low",,
22,,FALSE,"Status","TAM+",3,,,"low",2,,"low",FALSE,"cumulative",,,FALSE,TRUE,,"A-default,U-default",5,,"low",,
3143,FALSE,,"Applicative,Causative,Deixis,RECIP,Reflexive,Spatial,Status","TAM+,event-specs,pragmatic,valence",9,8,"medium","medium",9,8,"medium",FALSE,"separative",,,FALSE,FALSE,,"A-default",18,,"medium",,
515,TRUE,FALSE,"Illocution,Polarity,TAM","TAM+,operators",7,5,,"medium",7,,"medium",FALSE,"separative",,,FALSE,TRUE,FALSE,"A-default,U-default",14,,"medium",,
1385,TRUE,,"Aktionsart,Deixis,Quantificational,Reflexive_and_Reciprocal,TE","TAM+,number,pragmatic,valence",7,5,"low","medium",8,5,"medium",FALSE,"distributive",,,FALSE,FALSE,,"A-default,U-default",15,,"medium",,
780,FALSE,,"Applicative,Causative,Modality,Polarity,Quantificational,RECIP,Reflexive,Tense","TAM+,number,operators,valence",10,8,"medium","high",10,8,"medium",FALSE,"separative",,,FALSE,FALSE,,"A-default,U-default",20,,"medium",,
387,TRUE,,"Polarity,Reflexive_and_Reciprocal,TM,Voice","TAM+,operators,valence",5,4,,"medium",,,,FALSE,,,TRUE,FALSE,FALSE,TRUE,"A-default",,,,,
212,,,"Aktionsart,Deixis,Number,Tense,Voice","TAM+,number,pragmatic,valence",8,6,"medium","medium",9,8,"medium",FALSE,"distributive",,,FALSE,FALSE,,"A-default,U-default",17,,"medium",,
95,,,"Aktionsart,Aspect,Classifier,Number,Polarity,Referential,TAM,Tense","TAM+,classification,number,operators,pragmatic",8,8,"medium","medium",8,8,"medium",FALSE,"separative",,,,,,,16,,"medium",,
113,,FALSE,"Aktionsart,Aspect,Deixis,Mood,Polarity,Tense","TAM+,operators,pragmatic",9,,,"medium",8,,"medium",FALSE,"cumulative",,,FALSE,TRUE,,"A-default,U-default",17,,"medium",,
3326,TRUE,FALSE,"MTN,Referential,TA","TAM+,pragmatic",5,3,"low","medium",5,3,"low",TRUE,"separative",FALSE,TRUE,FALSE,TRUE,,"A-default,U-default",10,TRUE,"low",TRUE,TRUE
2393,TRUE,,"Aspect,Causative,Referential,TM","TAM+,pragmatic,valence",6,4,"low","medium",5,3,"low",FALSE,"cumulative",,,FALSE,FALSE,,"A-default,U-default",11,,"low",,
130,,TRUE,"Aspect,Evidential,Polarity,Tense,Voice","TAM+,evidential,operators,valence",6,,,"medium",5,,"low",FALSE,"cumulative",,TRUE,FALSE,FALSE,TRUE,"A-default",11,TRUE,"low",,
667,TRUE,FALSE,"Aspect,Mood,Nominalizer,Polarity,Tense","NP-related,TAM+,operators",7,5,"low","medium",8,5,"medium",FALSE,"distributive",,TRUE,FALSE,FALSE,,"A-default,U-default",15,TRUE,"medium",,
408,FALSE,,"Aspect,Modality,Mood,RECIP,Tense","TAM+,valence",7,5,"low","medium",7,5,"medium",FALSE,"separative",,,FALSE,FALSE,,"A-default,U-default",14,,"medium",,
365,,,"Mood,TA,Tense","TAM+",4,3,"low","low",4,3,"low",FALSE,"separative",,,FALSE,FALSE,,"A-default",8,,"low",,
469,,FALSE,"Aktionsart,Aspect,Mood,Number,Polarity,Tense","TAM+,number,operators",8,6,"medium","medium",8,7,"medium",FALSE,"separative",,,FALSE,FALSE,,"A-default,U-default",16,,"medium",,
196,TRUE,,"Applicative,Number,Quantificational,Reflexive_and_Reciprocal,TA,TAM","TAM+,number,valence",9,7,"low","medium",8,6,"medium",TRUE,"cumulative",TRUE,,FALSE,TRUE,,"A-default,U-default",17,,"medium",TRUE,FALSE
885,TRUE,,"Applicative,Causative,Deixis,MTN,Polarity,Quantificational,TA","TAM+,number,operators,pragmatic,valence",10,8,"medium","high",10,8,"medium",TRUE,"separative",TRUE,,FALSE,FALSE,,"A-default,U-default",20,,"medium",TRUE,FALSE
357,,,"Aktionsart,Deixis,Quantificational,Status,Tense,Voice","TAM+,number,pragmatic,valence",8,,,"medium",7,,"medium",FALSE,"cumulative",,,FALSE,FALSE,,"A-default,U-default",15,,"medium",,
786,TRUE,FALSE,"Polarity,Tense,Valence,Voice","TAM+,operators,valence",5,4,"low","medium",5,4,"low",FALSE,"separative",,TRUE,FALSE,FALSE,,"A-default",10,TRUE,"low",,
423,,FALSE,"Number,Polarity,Posterior,Referential,Reflexive_and_Reciprocal,Status,TAM","TAM+,number,operators,pragmatic,valence",10,9,"medium","high",9,8,"medium",FALSE,"distributive",,,FALSE,FALSE,,"A-default",19,,"medium",,
580,TRUE,,"Aktionsart,Applicative,Deixis,TM,Voice","TAM+,pragmatic,valence",5,5,"low","medium",5,5,"low",FALSE,"separative",,,,,,,10,,"low",,
654,,,"Aktionsart,Construct,TAM","NP-related,TAM+",5,,,"medium",5,,"low",TRUE,"separative",TRUE,,FALSE,TRUE,,"A-default,U-default",10,,"low",TRUE,FALSE
552,TRUE,,"Mood,Polarity,TA","TAM+,operators",3,3,"low","low",4,4,"low",TRUE,"distributive",FALSE,,,,,,7,,"low",TRUE,TRUE
491,,FALSE,"Causative,Symmetrical_voice,TAM","TAM+,pragmatic,valence",4,3,"low","low",4,3,"low",FALSE,"separative",,TRUE,FALSE,FALSE,TRUE,"A-default",8,TRUE,"low",,
18,TRUE,,"Aktionsart,Causative,Evidential,Focus,Polarity,Quantificational,TAM,Voice","TAM+,evidential,number,operators,pragmatic,valence",12,10,"medium","high",11,9,"medium",FALSE,"cumulative",,,FALSE,FALSE,,"A-default,U-default",23,,"high",,
2856,TRUE,FALSE,"Mood,Polarity,Reflexive,Tense","TAM+,operators,valence",5,4,"low","medium",5,4,"low",FALSE,"separative",,,FALSE,FALSE,TRUE,"A-default",10,TRUE,"low",,
1778,TRUE,,"Mood,Polarity,Tense","TAM+,operators",6,4,"low","medium",8,4,"medium",FALSE,"distributive",,TRUE,FALSE,FALSE,,"A-default,U-default",14,TRUE,"medium",,
2916,TRUE,FALSE,"Causative,Polarity,TM,Tense","TAM+,operators,valence",5,4,"low","medium",5,4,"low",TRUE,"separative",TRUE,FALSE,,,FALSE,"A-default",10,,"low",TRUE,FALSE
687,,,"Aktionsart,Aspect,Causative,Tense,Voice","TAM+,valence",7,5,"low","medium",6,5,"low",TRUE,"cumulative",TRUE,,FALSE,FALSE,,"A-default,U-default",13,,"medium",TRUE,FALSE
2388,,,"Aspect,Polarity,Semistem,TAM","TAM+,operators,other",5,4,"low","medium",5,4,"low",FALSE,"separative",,,FALSE,FALSE,,"U-default",10,,"low",,
681,,,"Causative,Referential,TM,Voice","TAM+,pragmatic,valence",6,4,"low","medium",4,3,"low",FALSE,"cumulative",,,FALSE,FALSE,,"A-default,U-default",10,,"low",,
495,,FALSE,"Tense,Valence,Voice","TAM+,valence",4,,,"low",5,,"low",FALSE,"distributive",,TRUE,TRUE,TRUE,TRUE,"A-default",9,TRUE,"low",,
680,,,"Causative,Evidential,Referential,TM,Voice","TAM+,evidential,pragmatic,valence",7,5,"low","medium",5,3,"low",FALSE,"cumulative",,,FALSE,FALSE,,"A-default,U-default",12,,"medium",,
514,,,"Applicative,Aspect,Polarity,Quantificational,Reflexive_and_Reciprocal,TE","TAM+,number,operators,valence",9,7,"medium","medium",13,10,"medium",FALSE,"cumulative",,TRUE,FALSE,FALSE,TRUE,"A-default,U-default",22,TRUE,"medium",,
199,FALSE,FALSE,"Aspect,Illocution,Polarity,Tense,Voice","TAM+,operators,valence",7,,,"medium",6,,"low",FALSE,"cumulative",,FALSE,FALSE,FALSE,FALSE,"B-default,T-default",13,FALSE,"medium",,
710,TRUE,,"Tense","TAM+",2,1,,"low",,,,FALSE,,,,FALSE,FALSE,,"A-default",,,,,
626,TRUE,,"Polarity,Tense","TAM+,operators",4,2,"low","low",4,2,"low",FALSE,"separative",,TRUE,FALSE,FALSE,TRUE,"A-default,U-default",8,TRUE,"low",,
433,TRUE,,"Focus,Illocution,Mood,Number,Polarity,TA,Valence","TAM+,number,operators,pragmatic,valence",8,7,,"medium",9,,"medium",FALSE,"distributive",,,TRUE,TRUE,,"U-default",17,,"medium",,
1376,TRUE,,"Polarity,Tense","TAM+,operators",4,2,"low","low",3,1,"low",FALSE,"cumulative",,TRUE,FALSE,FALSE,,"A-default,U-default",7,TRUE,"low",,
669,,,"Aspect","TAM+",3,,,"low",3,,"low",FALSE,"separative",,,FALSE,TRUE,,"A-default,U-default",6,,"low",,
527,TRUE,FALSE,"Aktionsart,Aspect,Causative,Number,TM,Voice","TAM+,number,valence",7,6,"low","medium",6,5,"low",FALSE,"cumulative",,TRUE,FALSE,FALSE,TRUE,"A-default",13,TRUE,"medium",,
150,,TRUE,"Connective,Status,TA","TAM+,inter-clausal",5,,,"medium",5,,"low",TRUE,"separative",TRUE,TRUE,FALSE,TRUE,TRUE,"A-default,U-default",10,TRUE,"low",TRUE,FALSE
21,,,"MA,Reflexive_and_Reciprocal","TAM+,valence",3,,,"low",3,,"low",FALSE,"separative",,,FALSE,FALSE,,"A-default",6,,"low",,
1807,FALSE,,"Causative,Evidential,Mood,Quantificational,TAM","TAM+,evidential,number,valence",6,5,"low","medium",5,4,"low",FALSE,"cumulative",,,TRUE,TRUE,,"U-default",11,,"low",,
3006,TRUE,FALSE,"Affect,Aspect,Causative,Mood,Voice","TAM+,pragmatic,valence",6,5,"low","medium",6,5,"low",FALSE,"separative",,,FALSE,FALSE,,"A-default",12,,"medium",,
2470,FALSE,,,,,,,,,,,TRUE,,TRUE,,,,,,,,,TRUE,FALSE
326,TRUE,,"Affect,Aspect,Mood,Polarity,Status,Tense","TAM+,operators,pragmatic",7,6,"low","medium",7,6,"medium",FALSE,"separative",,,FALSE,FALSE,,"A-default",14,,"medium",,
324,TRUE,FALSE,"Aktionsart,Number,Polarity,TAM,Voice","TAM+,number,operators,valence",6,5,"low","medium",6,5,"low",FALSE,"separative",,,FALSE,FALSE,,"A-default",12,,"medium",,
48,TRUE,FALSE,"Aspect,Causative,RECIP,Symmetrical_voice,TAM","TAM+,pragmatic,valence",6,5,,"medium",8,,"medium",FALSE,"distributive",,TRUE,TRUE,TRUE,FALSE,"A-default",14,TRUE,"medium",,
386,,,"Aspect,Polarity","TAM+,operators",4,,,"low",4,,"low",FALSE,"separative",,,FALSE,TRUE,,"A-default,U-default",8,,"low",,
205,TRUE,FALSE,"Aktionsart,Causative,Evidential,Polarity,Referential,TM","TAM+,evidential,operators,pragmatic,valence",8,6,"low","medium",4,2,"low",FALSE,"cumulative",,,FALSE,FALSE,,"A-default,U-default",12,,"medium",,
466,TRUE,FALSE,,,1,0,,"low",1,,"low",FALSE,"separative",,FALSE,,,FALSE,"A-default",2,TRUE,"low",,
549,TRUE,,"Aspect,Polarity,Reflexive_and_Reciprocal,TM","TAM+,operators,valence",5,4,"low","medium",5,4,"low",FALSE,"separative",,,FALSE,FALSE,,"A-default",10,,"low",,
119,FALSE,,"Aspect,Causative,Evidential,Motion,Polarity,Quantificational,Tense","TAM+,event-specs,evidential,number,operators,valence",10,8,"medium","high",9,8,"medium",FALSE,"distributive",,,FALSE,FALSE,,"A-default,U-default",19,,"medium",,
646,,,"Aspect,Number,Polarity","TAM+,number,operators",4,3,"low","low",5,4,"low",FALSE,"distributive",,,FALSE,FALSE,FALSE,"A-default",9,,"low",,
720,,TRUE,,,,,,,,,,FALSE,,,,,,,,,,,,
1395,TRUE,FALSE,"Aspect,Tense","TAM+",3,2,"low","low",3,2,"low",FALSE,"separative",,,FALSE,FALSE,,"A-default",6,,"low",,
701,TRUE,,"Causative,Polarity,TAM,Voice","TAM+,operators,valence",5,4,,"medium",,,,FALSE,,,,FALSE,FALSE,,"A-default",,,,,
1004,TRUE,TRUE,"Evidential,Mood,Polarity,Tense,Valence,Voice","TAM+,evidential,operators,valence",8,6,"low","medium",3,3,"low",FALSE,"cumulative",,FALSE,FALSE,FALSE,TRUE,"A-default,U-default",11,TRUE,"low",,
518,,FALSE,"Polarity,TAM","TAM+,operators",3,,,"low",3,,"low",FALSE,"separative",,TRUE,FALSE,FALSE,TRUE,"A-default",6,TRUE,"low",,
1542,FALSE,,"Evidential,Polarity,TAM","TAM+,evidential,operators",4,3,"low","low",4,3,"low",FALSE,"separative",,,TRUE,TRUE,,"U-default",8,,"low",,
583,,FALSE,"TA,Voice","TAM+,valence",4,,,"low",5,,"low",FALSE,"distributive",,TRUE,FALSE,FALSE,TRUE,"A-default,U-pro",9,,"low",,
685,TRUE,TRUE,"Aspect,Causative,Motion,Quantificational,Reflexive_and_Reciprocal,Semistem,Spatial","TAM+,event-specs,number,other,valence",10,10,"high","high",15,15,"high",FALSE,"distributive",,,,,,,25,,"high",,
644,FALSE,,,,1,0,"low","low",2,1,"low",FALSE,"distributive",,,TRUE,TRUE,,"A-default",3,,"low",,
156,,TRUE,"Aspect,Connective,Illocution,Nominalizer,Polarity,TAM,Voice","NP-related,TAM+,inter-clausal,operators,valence",10,7,"medium","high",14,12,"high",TRUE,"distributive",TRUE,TRUE,FALSE,FALSE,FALSE,"A-default,B-gen,U-default",24,TRUE,"high",TRUE,FALSE
385,TRUE,,"Aspect,Deixis,Polarity,Quantificational,Status,TAM","TAM+,number,operators,pragmatic",7,7,"medium","medium",7,7,"medium",TRUE,"separative",TRUE,TRUE,,,TRUE,,14,,"medium",TRUE,FALSE
2360,TRUE,FALSE,"Connective,Polarity,TA","TAM+,inter-clausal,operators",5,3,"low","medium",10,4,"medium",TRUE,"cumulative",FALSE,TRUE,FALSE,FALSE,TRUE,"A-default,U-default",15,TRUE,"medium",TRUE,TRUE
942,,TRUE,"Illocution,Polarity,Quantificational,TAM","TAM+,number,operators",5,4,"low","medium",5,4,"low",FALSE,"separative",,,TRUE,TRUE,,"U-default",10,,"low",,
443,TRUE,FALSE,"MA,Polarity,Tense,Voice","TAM+,operators,valence",4,4,"low","low",3,3,"low",FALSE,"cumulative",,,,,FALSE,,7,FALSE,"low",,
118,TRUE,,"Honorificity,Polarity,Tense,Voice","TAM+,operators,pragmatic,valence",5,4,"low","medium",2,2,"low",FALSE,"cumulative",,,TRUE,TRUE,,"A-default",7,,"low",,
656,TRUE,,"Aspect,Polarity,Status,Switch_reference","TAM+,inter-clausal,operators",6,5,"low","medium",6,5,"low",FALSE,"separative",,,FALSE,FALSE,,"A-default",12,,"medium",,
107,TRUE,FALSE,"Causative,Referential,TAM,Voice","TAM+,pragmatic,valence",6,4,"low","medium",4,3,"low",TRUE,"cumulative",FALSE,,FALSE,FALSE,TRUE,"A-default,U-default",10,FALSE,"low",FALSE,FALSE
35,TRUE,TRUE,"Aktionsart,Connective,Mood,Polarity,Semistem,TAM,Valence,Voice","TAM+,inter-clausal,operators,other,valence",10,8,,"high",13,,"medium",TRUE,"distributive",FALSE,FALSE,FALSE,FALSE,FALSE,"A-default,U-default",23,TRUE,"high",TRUE,TRUE
3015,,,"Illocution,Polarity,Progressive,Quantificational,Tense","TAM+,number,operators",,,,,,,,FALSE,,,,TRUE,TRUE,,"A-default",,,,,
1203,TRUE,,"Aspect,Evidential,Number,Quantificational,Status,TA","TAM+,evidential,number",8,6,"low","medium",8,5,"medium",FALSE,"separative",,FALSE,FALSE,FALSE,FALSE,"A-default,Pat",16,FALSE,"medium",,
59,FALSE,TRUE,"Connective,Symmetrical_voice,TAM,Valence","TAM+,inter-clausal,pragmatic,valence",6,,,"medium",11,,"medium",TRUE,"cumulative",TRUE,FALSE,FALSE,FALSE,FALSE,"A-default,U-default",17,TRUE,"medium",TRUE,FALSE
2862,TRUE,TRUE,"Aspect,Connective,Mood,Polarity,TAM,Valence,Voice","TAM+,inter-clausal,operators,valence",9,7,"medium","medium",15,7,"high",FALSE,"cumulative",,,FALSE,FALSE,,"A-default,U-default",24,,"high",,
363,FALSE,,,,,,,,,,,TRUE,,TRUE,,,,,,,,,TRUE,FALSE
1694,TRUE,TRUE,"Aktionsart,Aspect,Honorificity,Illocution,Polarity,TA","TAM+,operators,pragmatic",8,6,"low","medium",9,6,"medium",FALSE,"distributive",,TRUE,FALSE,FALSE,,"A-default,U-default",17,TRUE,"medium",,
492,,FALSE,"Aspect,Number,Polarity,Status","TAM+,number,operators",7,,,"medium",5,,"low",FALSE,"cumulative",,,FALSE,FALSE,,"A-default,B-default,U-default",12,,"medium",,
2617,TRUE,FALSE,"Polarity,TAM,TAME,Tense","TAM+,operators",4,4,"low","low",3,3,"low",TRUE,"cumulative",TRUE,TRUE,,,TRUE,,7,TRUE,"low",TRUE,FALSE
414,,FALSE,"Aktionsart,Aspect,Mood,Motion,Potentialis,Tense","TAM+,event-specs",10,8,"low","high",7,5,"medium",FALSE,"distributive",,,FALSE,TRUE,,"A-default,U-default",17,,"medium",,
404,TRUE,FALSE,"Polarity,TAM","TAM+,operators",4,2,,"low",6,,"low",FALSE,"distributive",,,FALSE,FALSE,TRUE,"A-default,U-default",10,FALSE,"low",,
1964,TRUE,FALSE,"Aspect,Causative,Evidential,Illocution,Mood,Polarity","TAM+,evidential,operators,valence",7,7,"low","medium",5,5,"low",FALSE,"cumulative",,,,,,,12,,"medium",,
663,TRUE,FALSE,"Deixis,Evidential,Mood,Polarity,TA,Voice","TAM+,evidential,operators,pragmatic,valence",9,7,"medium","medium",10,7,"medium",FALSE,"cumulative",,TRUE,FALSE,FALSE,,"A-default,U-default",19,TRUE,"medium",,
970,,TRUE,,,,,,,,,,FALSE,,,,,,,,,,,,
221,TRUE,FALSE,"Evidential,MA,Number,Polarity,Tense","TAM+,evidential,number,operators",6,5,"low","medium",6,6,"low",FALSE,"separative",,TRUE,FALSE,FALSE,TRUE,"A-default",12,TRUE,"medium",,
2987,TRUE,,"Aspect,Polarity,Tense","TAM+,operators",4,3,"low","low",4,3,"low",FALSE,"separative",,,FALSE,FALSE,,"A-default",8,,"low",,
3243,TRUE,TRUE,"Polarity,Tense","TAM+,operators",4,3,"low","low",4,3,"low",FALSE,"separative",,,FALSE,FALSE,TRUE,"core",8,TRUE,"low",,
641,TRUE,,"Aspect,Causative,Polarity,TA,TM","TAM+,operators,valence",6,5,"low","medium",6,5,"low",TRUE,"separative",FALSE,TRUE,FALSE,FALSE,TRUE,"A-default",12,TRUE,"medium",TRUE,TRUE
101,,FALSE,"Aspect,Number,Person,Tense","TAM+,number,person",5,4,"low","medium",4,3,"low",FALSE,"cumulative",,TRUE,TRUE,TRUE,,"A>U",9,TRUE,"low",,
674,TRUE,TRUE,"Aspect,Mood,Polarity,Tense","TAM+,operators",6,4,"low","medium",14,6,"high",FALSE,"cumulative",,TRUE,FALSE,FALSE,TRUE,"A-default,U-default",20,TRUE,"medium",,
3318,TRUE,FALSE,"Aspect,Evidential,Polarity","TAM+,evidential,operators",4,4,"low","low",3,3,"low",FALSE,"cumulative",,TRUE,,,TRUE,,7,TRUE,"low",,
709,TRUE,,"Aktionsart,Causative,Polarity,TAM","TAM+,operators,valence",5,4,,"medium",,,,FALSE,,,,TRUE,TRUE,,"A-default",,,,,
700,,,"Causative,Mood,Polarity,TAM,Voice","TAM+,operators,valence",6,5,"low","medium",3,2,"low",FALSE,"cumulative",,,FALSE,FALSE,,"A-default",9,,"low",,
493,,,"Aspect,Status,Tense","TAM+",4,3,"low","low",4,3,"low",FALSE,"separative",,,,,,"A-default",8,,"low",,
69,TRUE,,"Illocution,Polarity,Quantificational,TAM","TAM+,number,operators",5,4,,"medium",,,,FALSE,,,,FALSE,FALSE,,"A-default",,,,,
645,,,"Applicative,Posterior","TAM+,valence",3,2,"low","low",3,2,"low",FALSE,"separative",,,TRUE,TRUE,,"A-default",6,,"low",,
2572,FALSE,,"Causative,Evidential,Mood,Quantificational,TAM","TAM+,evidential,number,valence",6,5,"low","medium",5,4,"low",FALSE,"cumulative",,,TRUE,TRUE,,"U-default",11,,"low",,
2577,,TRUE,"Aspect,Causative,Evidential,Polarity,Semistem,TAM","TAM+,evidential,operators,other,valence",7,6,"low","medium",6,5,"low",FALSE,"cumulative",,,FALSE,FALSE,,"U-default",13,,"medium",,
327,,TRUE,"Number,Person,Symmetrical_voice,TAM,Tense","TAM+,number,person,pragmatic",5,,,"medium",4,,"low",FALSE,"cumulative",,FALSE,,,,,9,,"low",,
435,,,"Tense,Voice","TAM+,valence",3,2,"low","low",1,1,"low",FALSE,"cumulative",,,FALSE,FALSE,,"A-default",4,,"low",,
3312,TRUE,FALSE,"MA,Polarity,Tense","TAM+,operators",4,3,"low","low",4,3,"low",TRUE,"separative",TRUE,FALSE,FALSE,FALSE,,"A-default",8,,"low",TRUE,FALSE
28,,FALSE,"Aspect,Deixis,Mood,Number,RECIP,Status,Tense","TAM+,number,pragmatic,valence",9,8,"medium","medium",10,10,"medium",FALSE,"cumulative",,,FALSE,FALSE,,"A-default",19,,"medium",,
1440,TRUE,,"Tense","TAM+",2,1,"low","low",1,1,"low",TRUE,"cumulative",FALSE,FALSE,FALSE,FALSE,FALSE,"A-default",3,TRUE,"low",FALSE,FALSE
2330,TRUE,FALSE,"Aspect,Mood,Polarity,TM,Voice","TAM+,operators,valence",8,5,,"medium",8,,"medium",TRUE,"separative",FALSE,,FALSE,FALSE,,"A-default,B-default,U-default",16,TRUE,"medium",FALSE,FALSE
723,TRUE,FALSE,"Honorificity,Illocution,MA,Polarity,TAM","TAM+,operators,pragmatic",7,6,,"medium",,,,FALSE,,,,FALSE,FALSE,,"A-default",,,,,
2447,TRUE,FALSE,"Aspect,Mood,Polarity,TM,Voice","TAM+,operators,valence",8,5,,"medium",8,,"medium",TRUE,"separative",FALSE,,FALSE,FALSE,,"A-default,B-default,U-default",16,TRUE,"medium",FALSE,FALSE
355,TRUE,FALSE,"Tense,Voice","TAM+,valence",3,2,,"low",3,,"low",TRUE,"separative",TRUE,,FALSE,FALSE,,"A-default",6,,"low",TRUE,FALSE
192,TRUE,,"Applicative,Causative,Modality,Mood,Quantificational,Status,Voice","TAM+,number,valence",9,8,"medium","medium",9,8,"medium",TRUE,"separative",TRUE,,FALSE,FALSE,,"A-default",18,,"medium",TRUE,FALSE
682,,,,,,,,,,,,TRUE,,TRUE,,,,,,,,,TRUE,FALSE
790,FALSE,,"Mood,Tense,Voice","TAM+,valence",4,3,"low","low",4,3,"low",FALSE,"separative",,,FALSE,FALSE,,"A-default",8,,"low",,
526,TRUE,,"Aspect,Deixis,Mood,Number,Polarity,Tense","TAM+,number,operators,pragmatic",6,6,"low","medium",6,6,"low",FALSE,"separative",,,,,,,12,,"medium",,
362,FALSE,FALSE,"Aspect,Symmetrical_voice","TAM+,pragmatic",2,,,"low",3,,"low",FALSE,"distributive",,TRUE,,,TRUE,,5,TRUE,"low",,
2832,TRUE,,"Causative,Mood,Tense","TAM+,valence",4,3,"low","low",4,2,"low",FALSE,"separative",,TRUE,FALSE,FALSE,TRUE,"A-default",8,TRUE,"low",,
197,,FALSE,"TAM","TAM+",3,,,"low",1,,"low",FALSE,"cumulative",,TRUE,,,TRUE,"A-default,S-default",4,TRUE,"low",,
438,TRUE,FALSE,,,1,0,,"low",1,,"low",FALSE,"separative",,,TRUE,TRUE,,"A-default",2,,"low",,
501,TRUE,FALSE,"Aspect,ME,Mood,Polarity","TAM+,operators",4,4,"low","low",5,5,"low",FALSE,"distributive",,,,,TRUE,,9,TRUE,"low",,
608,,FALSE,"Causative,Polarity,TAM","TAM+,operators,valence",4,3,"low","low",3,2,"low",FALSE,"cumulative",,,FALSE,FALSE,,"A-default",7,,"low",,
500,,FALSE,"Illocution,Polarity,TAM","TAM+,operators",3,3,"low","low",4,4,"low",TRUE,"distributive",FALSE,FALSE,,,FALSE,,7,FALSE,"low",TRUE,TRUE
545,,,"Aspect,Modality,Polarity,Referential,Status,Symmetrical_voice","TAM+,operators,pragmatic",7,6,"low","medium",5,4,"low",FALSE,"cumulative",,,TRUE,TRUE,,"A-default",12,,"medium",,
497,TRUE,FALSE,"Aspect,Construct,Tense","NP-related,TAM+",3,3,"low","low",3,3,"low",FALSE,"separative",,FALSE,,,FALSE,,6,FALSE,"low",,
1890,TRUE,,"Aspect,Reflexive_and_Reciprocal,TM,Voice","TAM+,valence",5,4,"low","medium",5,4,"low",FALSE,"separative",,,FALSE,FALSE,,"A-default",10,,"low",,
2716,TRUE,FALSE,"Aspect,Mood,Polarity,Tense,Voice","TAM+,operators,valence",8,5,"low","medium",4,3,"low",TRUE,"cumulative",FALSE,,FALSE,FALSE,,"A-default,B-default,U-default",12,,"medium",FALSE,FALSE
1067,TRUE,FALSE,"Mood,Tense","TAM+",3,2,"low","low",2,2,"low",FALSE,"cumulative",,,FALSE,FALSE,,"A-default",5,TRUE,"low",,
643,,,"Polarity,Quantificational,TA","TAM+,number,operators",3,3,"low","low",3,3,"low",FALSE,"separative",,FALSE,,,FALSE,,6,FALSE,"low",,
148,,FALSE,"Quantificational","number",1,1,"low","low",1,1,"low",FALSE,"separative",,,,,,,2,,"low",,
767,TRUE,FALSE,"AE,Aspect,Evidential,Mood,Polarity","TAM+,evidential,operators",6,6,"low","medium",6,6,"low",TRUE,"separative",FALSE,FALSE,,,FALSE,,12,TRUE,"medium",TRUE,TRUE
418,,FALSE,"Aspect,Reflexive_and_Reciprocal,TAM","TAM+,valence",3,3,"low","low",3,3,"low",FALSE,"separative",,,,,,,6,,"low",,
375,TRUE,FALSE,"Evidential,Polarity,TAM","TAM+,evidential,operators",4,3,,"low",2,,"low",FALSE,"cumulative",,TRUE,FALSE,FALSE,TRUE,"A-default",6,TRUE,"low",,
665,,TRUE,,,,,,,,,,TRUE,,TRUE,,,,,,,,,TRUE,FALSE
168,,FALSE,"Aspect,Evidential,Mood,Polarity,Reflexive_and_Reciprocal,Tense","TAM+,evidential,operators,valence",8,,,"medium",9,,"medium",FALSE,"distributive",,,FALSE,FALSE,,"A-default",17,,"medium",,
367,,FALSE,"Aspect,Mood,Status,Tense","TAM+",7,,,"medium",7,,"medium",FALSE,"separative",,,FALSE,FALSE,,"A-default,U-default",14,,"medium",,
2828,,TRUE,"Aspect,Polarity,Semistem,TAM","TAM+,operators,other",4,4,"low","low",4,4,"low",FALSE,"separative",,,,,,,8,,"low",,
535,,FALSE,"Potentialis,Tense","TAM+",3,2,"low","low",3,2,"low",FALSE,"separative",,,FALSE,FALSE,,"A-default",6,,"low",,
2900,TRUE,FALSE,"Causative,Mood,TAM","TAM+,valence",4,3,"low","low",4,3,"low",FALSE,"separative",,FALSE,FALSE,FALSE,FALSE,"A-default",8,,"low",,
43,,FALSE,"Mood,Number,TA","TAM+,number",4,3,"low","low",4,2,"low",FALSE,"separative",,,TRUE,TRUE,,"U-default",8,,"low",,
87,TRUE,FALSE,"TAM","TAM+",2,1,,"low",3,,"low",TRUE,"distributive",FALSE,FALSE,FALSE,FALSE,FALSE,"A-default",5,TRUE,"low",FALSE,FALSE
838,TRUE,,"Honorificity,Illocution,MA,Polarity,TAM","TAM+,operators,pragmatic",7,6,"low","medium",6,5,"low",FALSE,"cumulative",,,FALSE,FALSE,,"A-default",13,TRUE,"medium",,
3032,TRUE,,"Polarity,TAM","TAM+,operators",3,3,"low","low",3,3,"low",TRUE,"separative",TRUE,,,,,,6,TRUE,"low",TRUE,FALSE
2833,TRUE,,"Tense","TAM+",2,1,"low","low",2,1,"low",FALSE,"separative",,,FALSE,FALSE,,"A-default",4,TRUE,"low",,
49,FALSE,TRUE,,,,,,,,,,FALSE,,,,TRUE,TRUE,,"U-default",,,,,
419,TRUE,,"Aspect,Deixis,Focus,Quantificational,TA","TAM+,number,pragmatic",6,6,"low","medium",6,6,"low",FALSE,"separative",,,,,,,12,,"medium",,
2936,TRUE,FALSE,"Aspect,TM","TAM+",3,2,,"low",3,,"low",FALSE,"separative",,,FALSE,FALSE,,"A-default",6,,"low",,
502,TRUE,FALSE,"Connective,Focus,Polarity,Potentialis,TAM,Voice","TAM+,inter-clausal,operators,pragmatic,valence",7,6,"low","medium",7,6,"medium",FALSE,"separative",,TRUE,FALSE,FALSE,TRUE,"A-default",14,TRUE,"medium",,
1765,TRUE,,"Mood","TAM+",1,1,"low","low",1,1,"low",FALSE,"separative",,TRUE,,,TRUE,,2,TRUE,"low",,
3301,TRUE,FALSE,"Polarity","operators",1,1,"low","low",1,1,"low",TRUE,"separative",TRUE,TRUE,,,TRUE,,2,TRUE,"low",TRUE,TRUE
2186,TRUE,FALSE,"Polarity,Tense","TAM+,operators",2,2,"low","low",2,2,"low",FALSE,"separative",,TRUE,,,TRUE,,4,TRUE,"low",,
1816,,,"Aspect,Polarity,Semistem,TAM,Voice","TAM+,operators,other,valence",6,5,"low","medium",7,6,"medium",FALSE,"distributive",,,FALSE,FALSE,,"U-default",13,,"medium",,
1388,TRUE,,"Polarity,Tense,Valence","TAM+,operators,valence",4,3,"low","low",4,3,"low",FALSE,"separative",,TRUE,FALSE,FALSE,,"A-default",8,TRUE,"low",,
389,,TRUE,"Causative,Polarity,Semistem,TAM","TAM+,operators,other,valence",5,4,"low","medium",5,4,"low",FALSE,"separative",,,FALSE,FALSE,FALSE,"A-default",10,,"low",,
171,TRUE,FALSE,"Aspect,TM","TAM+",2,2,"low","low",2,2,"low",TRUE,"separative",FALSE,FALSE,,,FALSE,,4,FALSE,"low",TRUE,TRUE
2081,,,"Causative,Mood,TAM","TAM+,valence",,,,,,,,TRUE,,TRUE,,FALSE,FALSE,,"ARG-nom",,,,TRUE,TRUE
1480,TRUE,FALSE,"Causative,Conditional,Polarity,Quotative,TA,Voice","TAM+,evidential,operators,valence",7,6,"low","medium",6,5,"low",FALSE,"cumulative",,,TRUE,TRUE,,"A-default",13,,"medium",,
1840,FALSE,,"Aspect,Evidential,Polarity,TM","TAM+,evidential,operators",5,4,"low","medium",4,3,"low",FALSE,"cumulative",,,TRUE,TRUE,,"U-default",9,,"low",,
2855,TRUE,FALSE,"Mood,Tense","TAM+",3,2,"low","low",3,2,"low",FALSE,"separative",,,FALSE,FALSE,TRUE,"A-default",6,TRUE,"low",,
534,FALSE,,,,,,,,,,,FALSE,,,,,,,"A-default",,,,,
679,,,"Causative,Polarity,TAM","TAM+,operators,valence",4,3,"low","low",4,3,"low",FALSE,"separative",,,FALSE,FALSE,,"A-default",8,,"low",,
66,TRUE,,"Causative,Quantificational,Reflexive_and_Reciprocal,TAM","TAM+,number,valence",4,4,"low","low",4,4,"low",FALSE,"separative",,,,,,,8,,"low",,
540,,,"Aspect,Polarity,TAM","TAM+,operators",4,,,"low",6,,"low",TRUE,"distributive",TRUE,TRUE,TRUE,TRUE,FALSE,"A-default",10,TRUE,"low",TRUE,TRUE
662,FALSE,,"Evidential,TAM,Voice","TAM+,evidential,valence",3,3,"low","low",3,3,"low",FALSE,"separative",,,,,,,6,,"low",,
193,TRUE,,"Aspect,Modality,Motion,Polarity,Reflexive_and_Reciprocal,Repetition,Switch_reference,TA","TAM+,event-specs,inter-clausal,operators,valence",9,8,"medium","medium",9,8,"medium",FALSE,"separative",,,FALSE,FALSE,,"A-default",18,,"medium",,
71,,FALSE,"TAM,Voice","TAM+,valence",3,3,"low","low",3,3,"low",FALSE,"separative",,,,,,,6,,"low",,
64,,,"Number,TM,Voice","TAM+,number,valence",3,3,"low","low",3,3,"low",FALSE,"separative",,,,,,,6,,"low",,
421,TRUE,TRUE,"Polarity,Potentialis,TA,TAM","TAM+,operators",5,4,"low","medium",4,3,"low",FALSE,"cumulative",,FALSE,TRUE,TRUE,FALSE,"U-default",9,,"low",,
2456,TRUE,FALSE,"Causative,Connective,Focus,Mood,Tense","TAM+,inter-clausal,pragmatic,valence",5,5,"low","medium",5,5,"low",FALSE,"separative",,,,,,,10,TRUE,"low",,
75,FALSE,,,,,,,,,,,FALSE,,,,,,,,,,,,
3272,TRUE,FALSE,"Aspect,Polarity","TAM+,operators",3,2,"low","low",3,2,"low",FALSE,"separative",,TRUE,FALSE,FALSE,,"A-default",6,TRUE,"low",,
459,FALSE,FALSE,"TAM","TAM+",2,,,"low",2,,"low",FALSE,"separative",,,,,TRUE,"A-default",4,TRUE,"low",,
606,,,"Polarity,Tense,Voice","TAM+,operators,valence",3,3,"low","low",2,2,"low",FALSE,"cumulative",,,,,,,5,,"low",,
25,TRUE,,"Polarity,TM,Voice","TAM+,operators,valence",4,3,"low","low",3,3,"low",FALSE,"cumulative",,,FALSE,FALSE,TRUE,"A-default",7,,"low",,
3314,TRUE,,,,0,0,,"low",,,,FALSE,,,,,,,,,,,,
640,FALSE,TRUE,,,,,,,,,,FALSE,,,,,,,,,,,,
225,TRUE,FALSE,"Deixis,MA,Polarity,RECIP","TAM+,operators,pragmatic,valence",4,4,"low","low",6,5,"low",TRUE,"distributive",FALSE,,,,TRUE,,10,TRUE,"low",TRUE,TRUE
470,TRUE,FALSE,,,0,0,"low","low",0,0,"low",TRUE,"separative",TRUE,TRUE,,,TRUE,,0,TRUE,"low",TRUE,FALSE
2871,TRUE,FALSE,"Deixis,Polarity","operators,pragmatic",2,2,"low","low",2,2,"low",FALSE,"separative",,TRUE,,,FALSE,,4,TRUE,"low",,
72,,,"Aktionsart,Aspect,MA,Posterior,Quantificational,Reflexive_and_Reciprocal,TAM","TAM+,number,valence",8,7,"medium","medium",7,7,"medium",FALSE,"cumulative",,,,,,"S-default",15,,"medium",,
468,TRUE,TRUE,"Aspect,Polarity,Tense,Valence","TAM+,operators,valence",5,4,"low","medium",4,4,"low",FALSE,"cumulative",,TRUE,FALSE,FALSE,FALSE,"A-default",9,TRUE,"low",,
1,FALSE,,"Causative,Classifier,Construct,Reflexive,Tense","NP-related,TAM+,classification,valence",6,5,"low","medium",6,5,"low",TRUE,"separative",TRUE,,TRUE,TRUE,FALSE,"U-default",12,,"medium",TRUE,FALSE
568,,,"Aktionsart,Aspect,Mood,Number,Quantificational","TAM+,number",5,5,"medium","medium",12,12,"medium",FALSE,"cumulative",,,,,,,17,,"medium",,
1682,,FALSE,,,,,,,,,,FALSE,,,,,,,,,,,,
413,,TRUE,"Aspect,Deixis,Mood,Tense","TAM+,pragmatic",5,4,"low","medium",5,4,"low",FALSE,"separative",,,FALSE,FALSE,,"U-default",10,,"low",,
2166,,,,,,,,,,,,TRUE,,TRUE,,,,,,,,,TRUE,FALSE
163,,,"Aspect,Mood,TA","TAM+",3,3,"low","low",3,3,"low",FALSE,"separative",,,,,,,6,,"low",,
201,FALSE,,"Aktionsart,Polarity,Tense","TAM+,operators",4,3,"low","low",3,2,"low",FALSE,"cumulative",,,FALSE,FALSE,,"A-default",7,,"low",,
2662,TRUE,,"Focus,Polarity,Quantificational,Reflexive_and_Reciprocal,TAM,Voice","TAM+,number,operators,pragmatic,valence",7,6,,"medium",7,,"medium",FALSE,"separative",,,FALSE,FALSE,,"A-default",14,,"medium",,
392,TRUE,,"Aspect,Causative,Number,Quantificational,Voice","TAM+,number,valence",11,9,"high","high",19,17,"high",FALSE,"distributive",,,FALSE,FALSE,,"A-default,U-default",30,,"high",,
78,TRUE,FALSE,"Causative,Polarity,TAM,Voice","TAM+,operators,valence",5,4,"low","medium",4,3,"low",FALSE,"cumulative",,,FALSE,FALSE,TRUE,"A-default",9,TRUE,"low",,
3298,TRUE,FALSE,"Polarity,TN","TAM+,operators",2,2,"low","low",2,2,"low",TRUE,"separative",FALSE,TRUE,,,TRUE,,4,TRUE,"low",FALSE,FALSE
629,TRUE,FALSE,"Illocution,Polarity,TAM","TAM+,operators",3,3,"low","low",3,3,"low",FALSE,"separative",,,,,,,6,,"low",,
530,,FALSE,"Illocution,Number,Person,Polarity,Tense","TAM+,number,operators,person",6,5,"low","medium",5,4,"low",FALSE,"cumulative",,TRUE,FALSE,FALSE,TRUE,"U-default",11,TRUE,"low",,
689,TRUE,,"Evidential,Modality,Motion,Quantificational,Status,TA,TAM,Voice","TAM+,event-specs,evidential,number,valence",9,8,"low","medium",7,6,"medium",FALSE,"cumulative",,,FALSE,FALSE,,"A-default",16,,"medium",,
106,,,"Number,Polarity,TAM,Voice","TAM+,number,operators,valence",5,,,"medium",5,,"low",FALSE,"separative",,,TRUE,TRUE,,"A-default",10,,"low",,
2843,FALSE,,,,,,,,,,,TRUE,,TRUE,,,,,,,,,TRUE,FALSE
223,TRUE,FALSE,"Aktionsart,Aspect,Deixis,Illocution,Polarity","TAM+,operators,pragmatic",7,6,"low","medium",7,6,"medium",FALSE,"separative",,FALSE,FALSE,FALSE,TRUE,"A-default",14,TRUE,"medium",,
463,TRUE,FALSE,"Aspect,Mood,Polarity","TAM+,operators",4,3,"low","low",4,3,"low",TRUE,"separative",FALSE,FALSE,FALSE,FALSE,FALSE,"A-default",8,FALSE,"low",TRUE,TRUE
1889,TRUE,FALSE,"Polarity","operators",1,1,"low","low",1,1,"low",FALSE,"separative",,TRUE,,,TRUE,,2,TRUE,"low",,
361,FALSE,FALSE,"MTN,Tense,Voice","TAM+,valence",5,,,"medium",12,,"medium",FALSE,"cumulative",,,,,TRUE,"A-default,U-default",17,TRUE,"medium",,
2742,FALSE,,,,,,,,,,,FALSE,,,,,,,,,,,,
496,,FALSE,"Mood,Polarity,RECIP,Tense","TAM+,operators,valence",4,4,"low","low",4,4,"low",FALSE,"separative",,,,,,,8,,"low",,
2854,TRUE,FALSE,"Mood,Tense","TAM+",3,2,"low","low",3,2,"low",FALSE,"separative",,,FALSE,FALSE,TRUE,"A-default",6,TRUE,"low",,
2893,TRUE,FALSE,"Aspect,TM","TAM+",3,2,"low","low",3,2,"low",FALSE,"separative",,,FALSE,FALSE,,"A-default",6,,"low",,
114,TRUE,TRUE,"Causative,Connective,Deixis,MSE,Polarity,Quantificational,TAM,Voice","TAM+,inter-clausal,number,operators,pragmatic,valence",11,10,"medium","high",11,10,"medium",FALSE,"separative",,,TRUE,TRUE,FALSE,"U-default",22,FALSE,"medium",,
409,,,"Evidential,Quantificational","evidential,number",3,,,"low",3,,"low",FALSE,"separative",,,FALSE,FALSE,,"A-default",6,,"low",,
2848,,,,,,,,,,,,TRUE,,TRUE,,,,,,,,,TRUE,FALSE
730,TRUE,,"TAM","TAM+",1,1,"low","low",1,1,"low",FALSE,"separative",,TRUE,,,TRUE,,2,TRUE,"low",,
342,,TRUE,,,,,,,,,,FALSE,,,,,,,,,,,,
504,,FALSE,"Aspect,Illocution,Polarity,RECIP,TAM,Tense","TAM+,operators,valence",6,6,"medium","medium",7,7,"medium",FALSE,"distributive",,FALSE,,,FALSE,,13,FALSE,"medium",,
528,TRUE,FALSE,"Polarity,Quantificational,TM","TAM+,number,operators",3,3,"low","low",3,3,"low",FALSE,"separative",,TRUE,,,TRUE,,6,TRUE,"low",,
186,,FALSE,"Number,TAM","TAM+,number",5,,,"medium",5,,"low",FALSE,"separative",,,FALSE,FALSE,TRUE,"A-default",10,,"low",,
2298,TRUE,FALSE,,,0,0,"low","low",0,0,"low",FALSE,"separative",,,,,,,0,,"low",,
699,TRUE,FALSE,"TA","TAM+",2,1,"low","low",2,1,"low",FALSE,"separative",,,FALSE,FALSE,TRUE,"A-default",4,TRUE,"low",,
934,,TRUE,,,,,,,,,,FALSE,,,,,,,,,,,,
74,TRUE,FALSE,"TAM","TAM+",2,1,"low","low",1,1,"low",TRUE,"cumulative",FALSE,,FALSE,FALSE,TRUE,"A-default",3,FALSE,"low",FALSE,FALSE
128,TRUE,FALSE,"Connective,Polarity,TAM,Voice","TAM+,inter-clausal,operators,valence",4,4,"low","low",3,3,"low",TRUE,"cumulative",TRUE,,,,TRUE,,7,TRUE,"low",TRUE,FALSE
2180,TRUE,FALSE,"Causative,Illocution,Polarity,TAME","TAM+,operators,valence",4,4,"low","low",4,4,"low",FALSE,"separative",,TRUE,,,TRUE,,8,TRUE,"low",,
84,TRUE,,"Causative,Illocution,Quantificational,TA","TAM+,number,valence",4,4,"low","low",4,4,"low",FALSE,"separative",,,,,,,8,,"low",,
2790,TRUE,FALSE,,,0,0,"low","low",0,0,"low",FALSE,"separative",,TRUE,,,TRUE,,0,TRUE,"low",,
2831,TRUE,,"Mood,TA","TAM+",5,4,"low","medium",5,4,"low",FALSE,"separative",,,FALSE,FALSE,,"A-default",10,,"low",,
226,TRUE,,"Aspect,Illocution,MTN","TAM+",3,3,"low","low",4,4,"low",FALSE,"distributive",,FALSE,,,FALSE,,7,FALSE,"low",,
2169,FALSE,,,,,,,,,,,TRUE,,TRUE,,,,,,,,,TRUE,FALSE
566,FALSE,,,,,,,,,,,FALSE,,,,,,,"A-default,S-default,U-default",,,,,
2015,FALSE,,"Aspect,Polarity,Quantificational,Voice","TAM+,number,operators,valence",,,,,,,,FALSE,,,,,,,,,,,,
139,,,"Causative,Evidential,Polarity,TAM","TAM+,evidential,operators,valence",5,4,"low","medium",2,1,"low",FALSE,"cumulative",,,FALSE,FALSE,,"A-default",7,,"low",,
690,TRUE,FALSE,"Polarity,RECIP","operators,valence",2,2,"low","low",2,2,"low",FALSE,"separative",,,,,,,4,,"low",,
1364,TRUE,,"Aspect,Deixis,Illocution,Number,Quantificational,Reflexive_and_Reciprocal,TAM","TAM+,number,pragmatic,valence",10,8,,"high",,,,FALSE,,,,,,,"A-default,U-default",,,,,
374,TRUE,FALSE,"Polarity,TAM","TAM+,operators",2,2,"low","low",3,3,"low",FALSE,"distributive",,FALSE,,,TRUE,,5,TRUE,"low",,
2196,TRUE,,"Illocution,Polarity,TAM","TAM+,operators",3,3,"low","low",3,3,"low",FALSE,"separative",,TRUE,,,TRUE,,6,TRUE,"low",,
2726,TRUE,FALSE,"TAM","TAM+",2,1,,"low",2,,"low",FALSE,"separative",,,,,,"A-default",4,,"low",,
628,TRUE,FALSE,"Evidential,Polarity,Tense,Valence,Voice","TAM+,evidential,operators,valence",7,6,"low","medium",6,5,"low",FALSE,"cumulative",,TRUE,FALSE,FALSE,,"A-default",13,TRUE,"medium",,
179,TRUE,FALSE,"Number,TAM,Voice","TAM+,number,valence",3,3,"low","low",3,3,"low",FALSE,"separative",,,,,TRUE,,6,TRUE,"low",,
116,,FALSE,"Connective,Illocution,Mood,TA,Voice","TAM+,inter-clausal,valence",8,,,"medium",5,,"low",FALSE,"cumulative",,,,,,"A-default,B-default,U-default",13,,"medium",,
634,,FALSE,"Polarity,TA","TAM+,operators",3,,,"low",4,,"low",FALSE,"distributive",,TRUE,FALSE,FALSE,TRUE,"A-default",7,TRUE,"low",,
672,TRUE,FALSE,"Polarity,TAM","TAM+,operators",2,2,"low","low",2,2,"low",TRUE,"separative",FALSE,TRUE,,,TRUE,,4,TRUE,"low",TRUE,TRUE
620,,,"Focus,MSE,Reflexive_and_Reciprocal,TA","TAM+,pragmatic,valence",5,4,"low","medium",5,4,"low",FALSE,"separative",,,,,,"A-default",10,,"low",,
81,TRUE,,"Aspect,Polarity,TM","TAM+,operators",4,3,"low","low",4,3,"low",FALSE,"separative",,,FALSE,FALSE,,"A-default",8,,"low",,
383,FALSE,,"Aspect,Causative,Deixis,Focus,Mood,Polarity,Quantificational","TAM+,number,operators,pragmatic,valence",8,7,"medium","medium",10,9,"medium",FALSE,"cumulative",,FALSE,FALSE,FALSE,FALSE,"U-default",18,,"medium",,
649,,,,,0,0,"low","low",3,3,"low",FALSE,"distributive",,,,,,,3,,"low",,
503,,FALSE,"MSE,Quantificational,TAM,Voice","TAM+,number,valence",5,,,"medium",9,,"medium",TRUE,"distributive",FALSE,FALSE,,,FALSE,"A-default",14,FALSE,"medium",FALSE,FALSE
348,TRUE,FALSE,"Polarity,TAM,TE","TAM+,operators",5,3,"medium","medium",8,8,"medium",TRUE,"distributive",FALSE,,,,FALSE,"A-default,U-default",13,TRUE,"medium",FALSE,FALSE
677,TRUE,FALSE,"TM,Voice","TAM+,valence",2,2,"low","low",2,2,"low",FALSE,"separative",,TRUE,,,TRUE,,4,TRUE,"low",,
567,FALSE,,"Aspect,Evidential,Modality,Number,Polarity,Tense","TAM+,evidential,number,operators",8,6,"low","medium",8,6,"medium",FALSE,"separative",,,,,,"A-default,S-default",16,,"medium",,
538,TRUE,FALSE,,,0,0,"low","low",0,0,"low",FALSE,"separative",,TRUE,,,TRUE,,0,TRUE,"low",,
434,TRUE,FALSE,"Polarity,TAM","TAM+,operators",2,2,"low","low",2,2,"low",TRUE,"separative",FALSE,TRUE,,,TRUE,,4,TRUE,"low",TRUE,TRUE
533,,,"Aktionsart,Aspect,Mood,Motion,Polarity,Tense","TAM+,event-specs,operators",7,6,"medium","medium",9,7,"medium",FALSE,"distributive",,TRUE,FALSE,FALSE,TRUE,"A-default",16,,"medium",,
1772,TRUE,,"Reflexive_and_Reciprocal,TAM,TM","TAM+,valence",3,3,"low","low",4,3,"low",FALSE,"distributive",,,,,,,7,,"low",,
2824,TRUE,TRUE,"Aspect,Honorificity,MA,Mood,Polarity","TAM+,operators,pragmatic",5,5,"low","medium",4,4,"low",FALSE,"cumulative",,TRUE,,,,,9,TRUE,"low",,
917,FALSE,TRUE,"Aktionsart,Causative,Evidential,Modality,Number,Polarity,Semistem,TAM","TAM+,evidential,number,operators,other,valence",9,8,"low","medium",7,6,"medium",FALSE,"cumulative",,,FALSE,FALSE,,"U-default",16,,"medium",,
724,TRUE,FALSE,"Modality,Polarity,TAM","TAM+,operators",3,3,"low","low",3,3,"low",TRUE,"separative",TRUE,TRUE,,,TRUE,,6,TRUE,"low",TRUE,TRUE
333,,FALSE,"Aspect,Connective,Evidential,Focus,Illocution,Polarity,Status,Tense","TAM+,evidential,inter-clausal,operators,pragmatic",9,9,"medium","medium",9,9,"medium",TRUE,"separative",FALSE,TRUE,,,TRUE,,18,TRUE,"medium",TRUE,TRUE
416,FALSE,,,,,,,,,,,FALSE,,,,,,,,,,,,
691,TRUE,,"AE,Honorificity,Illocution,Polarity,Tense","TAM+,operators,pragmatic",5,5,"low","medium",5,5,"low",FALSE,"separative",,,,,,,10,TRUE,"low",,
99,TRUE,FALSE,"TAM","TAM+",2,1,,"low",2,,"low",TRUE,"separative",FALSE,TRUE,FALSE,FALSE,TRUE,"ARG-nom",4,TRUE,"low",TRUE,TRUE
3315,TRUE,FALSE,"Mood,Polarity,Voice","TAM+,operators,valence",3,3,"low","low",3,3,"low",FALSE,"separative",,TRUE,,,TRUE,,6,TRUE,"low",,
136,,FALSE,"Aspect,Mood,Polarity,Switch_reference,Tense","TAM+,inter-clausal,operators",6,,,"medium",4,,"low",FALSE,"cumulative",,TRUE,FALSE,FALSE,TRUE,"A-default",10,TRUE,"low",,
494,,,,,0,0,"low","low",0,0,"low",TRUE,"separative",FALSE,FALSE,,,FALSE,,0,FALSE,"low",FALSE,FALSE
138,FALSE,,,,,,,,,,,FALSE,,,,,,,"A-default",,,,,
2657,TRUE,,"Causative,RECIP,TAM","TAM+,valence",4,3,"low","low",3,2,"low",FALSE,"cumulative",,,FALSE,FALSE,,"A-default",7,,"low",,
126,FALSE,,,,,,,,,,,FALSE,,,,,,,"A-default,U-default",,,,,
2440,,TRUE,,,,,,,,,,FALSE,,,,,,,,,,,,
