"LID","VInflAktionsart.Pre.Presence","VInflApplicative.Pre.Presence","VInflAspect.Pre.Presence","VInflCausative.Pre.Presence","VInflClassifier.Pre.Presence","VInflConnective.Pre.Presence","VInflConstruct.Pre.Presence","VInflControl.Pre.Presence","VInflDeixis.Pre.Presence","VInflVoice.Pre.Presence","VInflFocus.Pre.Presence","VInflPosterior.Pre.Presence","VInflGender.Pre.Presence","VInflIllocution.Pre.Presence","VInflMA.Pre.Presence","VInflMN.Pre.Presence","VInflModality.Pre.Presence","VInflMood.Pre.Presence","VInflMotion.Pre.Presence","VInflMSE.Pre.Presence","VInflNominalizer.Pre.Presence","VInflNumber.Pre.Presence","VInflPerson.Pre.Presence","VInflPolarity.Pre.Presence","VInflPotentialis.Pre.Presence","VInflQuantificational.Pre.Presence","VInflReflexive_and_Reciprocal.Pre.Presence","VInflRECIP.Pre.Presence","VInflReferential.Pre.Presence","VInflReflexive.Pre.Presence","VInflRepetition.Pre.Presence","VInflReversative.Pre.Presence","VInflSemistem.Pre.Presence","VInflSpatial.Pre.Presence","VInflStatus.Pre.Presence","VInflSwitch_reference.Pre.Presence","VInflTense_and_Evidential.Pre.Presence","VInflTA.Pre.Presence","VInflTAM.Pre.Presence","VInflTense.Pre.Presence","VInflTM.Pre.Presence","VInflValence.Pre.Presence","VInflVersion.Pre.Presence"
1,,,,TRUE,TRUE,,TRUE,,,,,,,,,,,,,,,,,,,,,,,TRUE,,,,,,,,,,FALSE,,,
7,FALSE,TRUE,,TRUE,,,,,TRUE,,,,,FALSE,,,,,,,,,,,,FALSE,,,,TRUE,,,TRUE,FALSE,,,,,FALSE,TRUE,,,
10,FALSE,,,,,,,,,,,,,,,,,,,,,TRUE,,,,,,,,,,,,,,,,,,,,,
10,,,,,,,,,,,,,,,,,,,,,,FALSE,,,,,,,,,,,,,,,,,,,,,
14,FALSE,,FALSE,,,,,,TRUE,,,,,TRUE,,,,FALSE,,,,,,,,,,,,,,,,,FALSE,,,,,TRUE,,,
14,,,,,,,,,,,,,,,,,,,,,,,,,,,,,,,,,,,,,,,,FALSE,,,
17,,,TRUE,,,,,,,,,,,,,,,,,TRUE,,,,,,,,,,,,,,,,,,,,TRUE,,,
18,FALSE,,,FALSE,,,,,,FALSE,FALSE,,,,,,,,,,,,,,,FALSE,,,,,,,,,,,,,FALSE,,,,
20,,,FALSE,,,,,,,,,,,,,,,,,,,,,FALSE,,,,,,,,,,,,,,,FALSE,,,,
21,,,,,,,,,,,,,,,FALSE,,,,,,,,,,,,TRUE,,,,,,,,,,,,,,,,
22,,,,,,,,,,,,,,,,,,,,,,,,,,,,,,,,,,,TRUE,,,,,,,,
25,,,,,,,,,,FALSE,,,,,,,,,,,,,,TRUE,,,,,,,,,,,,,,,,,FALSE,,
27,,,FALSE,,,,,,,,,FALSE,,,,,,,,,,,,FALSE,,FALSE,,,,,,,,,,,,FALSE,,,,,
34,,,,,,,,,,TRUE,,,,,,,,,,,,,,TRUE,,,,,,FALSE,,,,,,,,,,,,,
35,FALSE,,,,,FALSE,,,,TRUE,,,,,,,,TRUE,,,,,,TRUE,,,,,,,,,TRUE,,,,,,FALSE,,,FALSE,
43,,,,,,,,,,,,,,,,,,FALSE,,,,TRUE,,,,,,,,,,,,,,,,,,,,,
44,,,,,,,,,,FALSE,FALSE,,,,,,FALSE,,,,,,,,,,,,,,,,,,,,,,FALSE,,,FALSE,
51,,,FALSE,FALSE,,,,,FALSE,,,,,TRUE,,,,FALSE,,,,FALSE,,,,,,,,,,,,,TRUE,,,,,FALSE,,,
51,,,,,,,,,,,,,,FALSE,,,,,,,,,,,,,,,,,,,,,,,,,,,,,
55,TRUE,,,,,,,,,,,,,,,,,,,,,TRUE,,TRUE,,,,,,,,,,,,,,,,TRUE,,,
56,,,FALSE,,,,,,,,,,,,,,,,,,,,,,,,,,,,,,,,,,,,TRUE,,,,
63,,,,,,,,,,,,,,,,,,,,,,,,,,TRUE,,,,,,,,,,,,,,,,,
64,,,,,,,,,,FALSE,,,,,,,,,,,,FALSE,,,,,,,,,,,,,,,,,,,FALSE,,
66,,,,FALSE,,,,,,,,,,,,,,,,,,,,,,TRUE,FALSE,,,,,,,,,,,,FALSE,,,,
68,,,,,,,,,FALSE,,,,,,,,,,,,,,,,,,TRUE,,,,,,TRUE,,,,,,,FALSE,,,
69,,,,,,,,,,,,,,FALSE,,,,,,,,,,FALSE,,FALSE,,,,,,,,,,,,,FALSE,,,,
71,,,,,,,,,,FALSE,,,,,,,,,,,,,,,,,,,,,,,,,,,,,FALSE,,,,
72,FALSE,,FALSE,,,,,,,,,FALSE,,,FALSE,,,,,,,,,,,TRUE,FALSE,,,,,,,,,,,,FALSE,,,,
74,,,,,,,,,,,,,,,,,,,,,,,,,,,,,,,,,,,,,,,FALSE,,,,
78,,,,FALSE,,,,,,FALSE,,,,,,,,,,,,,,,,,,,,,,,,,,,,,FALSE,,,,
79,,,,,,,,,,,,,,,,,,,,,,,,TRUE,,,,,,,,,,,,,,,FALSE,,,,
81,,,FALSE,,,,,,,,,,,,,,,,,,,,,TRUE,,,,,,,,,,,,,,,,,TRUE,,
82,,,,,,,,,TRUE,,,,,,,,,,,,,,,,,,,,,,,,,,,,,,FALSE,,TRUE,,
84,,,,FALSE,,,,,,,,,,FALSE,,,,,,,,,,,,FALSE,,,,,,,,,,,,FALSE,,,,,
86,,,,,,,,,,FALSE,,,,,,,,,,,,FALSE,FALSE,,,,,,,,,,,,,,,,FALSE,,,,TRUE
87,,,,,,,,,,,,,,,,,,,,,,,,,,,,,,,,,,,,,,,FALSE,,,,
91,,,,,,,,,,,,,,,,,,,,,,,,FALSE,,,,,,,,,,,,,,,,TRUE,,,
93,,TRUE,TRUE,,,FALSE,,,TRUE,,,,,,,,,,,,,,,,,,FALSE,,,,,,,,,,,,FALSE,TRUE,,,
95,FALSE,,FALSE,,TRUE,,,,,,,,,,,,,,,,,FALSE,,FALSE,,,,,,,,,,,,,,,,,,,
100,,,,,,,,,,,,,,,,,,,,,,,,,,,,,,,,,,,,,,,FALSE,,,,
101,,,FALSE,,,,,,,,,,,,,,,,,,,TRUE,TRUE,,,,,,,,,,,,,,,,,FALSE,,,
103,,,TRUE,,,,,,,,,,,,,,,FALSE,,,,,,TRUE,,,,,,,,,,,,,,,,FALSE,,,
103,,,FALSE,,,,,,,,,,,,,,,,,,,,,,,,,,,,,,,,,,,,,,,,
104,,,FALSE,,,,,,,FALSE,,,,,,,,,,,FALSE,FALSE,,,,,,,,,,,,,,,,,FALSE,,,,
106,,,,,,,,,,FALSE,,,,,,,,,,,,FALSE,,TRUE,,,,,,,,,,,,,,,TRUE,,,,
107,,,,FALSE,,,,,,FALSE,,,,,,,,,,,,,,,,,,,FALSE,,,,,,,,,,FALSE,,,,
110,,,,,,,,,,,,,,,,,,FALSE,,,,,,,,,,,,,,,,,,,,,,FALSE,,,
113,TRUE,,TRUE,,,,,,TRUE,,,,,,,,,TRUE,,,,,,TRUE,,,,,,,,,,,,,,,,TRUE,,,
113,,,,,,,,,,,,,,,,,,,,,,,,,,,,,,,,,,,,,,,,FALSE,,,
114,,,,FALSE,,TRUE,,,TRUE,FALSE,,,,,,,,,,FALSE,,,,FALSE,,FALSE,,,,,,,,,,,,,FALSE,,,,
119,,,FALSE,FALSE,,,,,,,,,,,,,,,FALSE,,,,,FALSE,,FALSE,,,,,,,,,,,,,,FALSE,,,
123,,,,,,,,,,,,,,,,,,,,,,TRUE,,,,,TRUE,,,,,,,,,,,,TRUE,,,,
123,,,,,,,,,,,,,,,,,,,,,,,,,,,,,,,,,,,,,,,FALSE,,,,
125,FALSE,,,,,,,,,,,,,,,,,,,,,FALSE,,,,FALSE,,,,,FALSE,,,,,,,,,FALSE,,,
129,,,,,,,,,,,,,,,,,,,,,,,,,,,,,,,,,,,,,,TRUE,,,,,
134,FALSE,,FALSE,,,,,,,,,,,,,,,,,,,TRUE,,,,TRUE,,,,,,,,,TRUE,,,,,,,,
136,,,FALSE,,,,,,,,,,,,,,,FALSE,,,,,,FALSE,,,,,,,,,,,,FALSE,,,,FALSE,,,
139,,,,FALSE,,,,,,,,,,,,,,,,,,,,,,,,,,,,,,,,,,,FALSE,,,,
145,,,FALSE,,,,,,TRUE,FALSE,,,,,,,,,,,,,,FALSE,,,,,,,,,TRUE,,,,,,FALSE,,,,
147,,,,,,,,,,TRUE,,,,,,,,,,,,,,FALSE,,,,,,,,,,,,,,,,FALSE,,,
152,,,,,,,,,,,,,,,,,,,,,,,,,,FALSE,,,,,,,,,FALSE,,,,,FALSE,,,
154,,,,,,,FALSE,,,FALSE,,,,,,,,,,,,,,FALSE,,,,,,,,,,,,,,,FALSE,,,,TRUE
155,FALSE,,,,,,,,,,,,,,,,,,,,,,,TRUE,,,,,,,,,,,,,,,,FALSE,,,
168,,,FALSE,,,,,,,,,,,,,,,FALSE,,,,,,FALSE,,,FALSE,,,,,,,,,,,,,FALSE,,,
169,,,,,,,,,,,,,,,,,,FALSE,,,,,,,,,,,,,,,,,,,,FALSE,,,,,
171,,,FALSE,,,,,,,,,,,,,,,,,,,,,,,,,,,,,,,,,,,,,,TRUE,,
176,,,,,,,,,,FALSE,,,,,,,,,,,FALSE,,,FALSE,,FALSE,,,,,,,,,,,,,FALSE,,,,
177,,,,,,,,,,,,,,,,,,,,,,,,TRUE,,,,,,,,,,,,,,,TRUE,,,,
178,,FALSE,,,,,,,,,,,,,,,,,,,,FALSE,,,,TRUE,,,,,,,,,TRUE,,,,,,FALSE,,
178,,TRUE,,,,,,,,,,,,,,,,,,,,,,,,,,,,,,,,,,,,,,,,,
179,,,,,,,,,,,,,,,,,,,,,,FALSE,,,,,,,,,,,,,,,,,FALSE,,,,
180,,FALSE,FALSE,FALSE,,,,,,FALSE,,,,,,,,,,,,FALSE,,,,,,,,,,,,,,,,,,FALSE,,,
181,,,,,,,,,,,,,,,,,,,,,,,,,,,,,,,,,,,TRUE,,,,FALSE,TRUE,,,
188,,,,FALSE,,,,,,FALSE,,,,,,,,,,,,,,,,,,FALSE,,,,,,,,,,,FALSE,,,,
191,,,,,,,,,,,,,,,,,,,,,,FALSE,,FALSE,,,,,,FALSE,,,,,,,,,FALSE,,,,
192,,FALSE,,FALSE,,,,,,TRUE,,,,,,,FALSE,FALSE,,,,,,,,FALSE,,,,,,,,,FALSE,,,,,,,,
193,,,FALSE,,,,,,,,,,,,,,FALSE,,FALSE,,,,,FALSE,,,FALSE,,,,FALSE,,,,,FALSE,,FALSE,,,,,
196,,FALSE,,,,,,,,,,,,,,,,,,,,FALSE,,,,,FALSE,,,,,,,,,,,FALSE,TRUE,,,,
197,,,,,,,,,,,,,,,,,,,,,,,,,,,,,,,,,,,,,,,FALSE,,,,
199,,,,,,,,,,FALSE,,,,,,,,,,,,,,,,,,,,,,,,,,,,,,,,,
200,,,FALSE,,,,,,,,,,FALSE,,,,,,,,,,,FALSE,,,,,,FALSE,,,,,,,,,,FALSE,,,
201,FALSE,,,,,,,,,,,,,,,,,,,,,,,FALSE,,,,,,,,,,,,,,,,FALSE,,,
202,,,TRUE,,,FALSE,,,,,,,,,,,,,,,,TRUE,,FALSE,,,,,,,,,,,,,,,,,TRUE,,
205,,,,FALSE,,,,,,,,,,,,,,,,,,,,,,,,,FALSE,,,,,,,,,,,,FALSE,,
206,,,FALSE,,,,,,,FALSE,,,,,,,,,,,,,,TRUE,,,,,,,,,,,,,,,FALSE,,,,
208,,,FALSE,TRUE,,,,,,,,,,,,,,FALSE,,,,FALSE,,,,TRUE,,TRUE,,TRUE,,,,,,,,,,FALSE,,,
208,,,,,,,,,,,,,,,,,,,,,,TRUE,,,,,,,,,,,,,,,,,,,,,
212,FALSE,,,,,,,,FALSE,FALSE,,,,,,,,,,,,FALSE,,,,,,,,,,,,,,,,,,FALSE,,,
221,,,,,,,,,,,,,,,FALSE,,,,,,,FALSE,,FALSE,,,,,,,,,,,,,,,,FALSE,,,
223,TRUE,,FALSE,,,,,,FALSE,,,,,TRUE,,,,,,,,,,FALSE,,,,,,,,,,,,,,,,,,,
225,,,,,,,,,FALSE,,,,,,FALSE,,,,,,,,,TRUE,,,,FALSE,,,,,,,,,,,,,,,
318,,,,,,,,,,,,,,,,,,,,,,,,TRUE,,,,,,,,,,,,,,,,FALSE,,,
325,,,TRUE,,,,,,,,,,,,,,,FALSE,,,,,,TRUE,,,,,,,,,,,,,,,,FALSE,,FALSE,
326,,,FALSE,,,,,,,,,,,,,,,FALSE,,,,,,FALSE,,,,,,,,,,,FALSE,,,,,FALSE,,,
340,,,TRUE,,,,,,,FALSE,,,,,,,,,,,,,,TRUE,,,,,,,,,,,,,,,,,FALSE,,
352,,FALSE,,,,,,,,,,,,,,,,FALSE,,,,,,FALSE,,,FALSE,,,,,,,,,FALSE,,,,FALSE,,,
356,FALSE,,FALSE,,,,,,,FALSE,,,,,,,,,,,,,,,,,,FALSE,,FALSE,,,,,,,,,,FALSE,,,
357,TRUE,,,,,,,,TRUE,FALSE,,,,,,,,,,,,,,,,FALSE,,,,,,,,,TRUE,,,,,TRUE,,,
365,,,,,,,,,,,,,,,,,,FALSE,,,,,,,,,,,,,,,,,,,,FALSE,,FALSE,,,
367,,,FALSE,,,,,,,,,,,,,,,FALSE,,,,,,,,,,,,,,,,,FALSE,,,,,FALSE,,,
368,,,TRUE,,,,FALSE,,FALSE,,FALSE,,,,,,,,,,,,,,,,,,,,,,,,TRUE,,,,,TRUE,,,
370,,,FALSE,,,,,,,,,,,,,,,,,,,,,FALSE,,,,,,,,,,,,,,,,FALSE,,,
378,,,,,,,,,,,,,,,,,,,,,,,,,,,,,,,,,,,,,,,TRUE,,,,
382,,,FALSE,,,,,,,,,,,,,,,FALSE,,FALSE,,FALSE,,FALSE,,TRUE,TRUE,,,,,,,,FALSE,,,,FALSE,,,,
383,,,FALSE,FALSE,,,,,FALSE,,,,,,,,,FALSE,,,,,,FALSE,,FALSE,,,,,,,,,,,,,,,,,
385,,,FALSE,,,,,,FALSE,,,,,,,,,,,,,,,FALSE,,FALSE,,,,,,,,,FALSE,,,,FALSE,,,,
386,,,FALSE,,,,,,,,,,,,,,,,,,,,,FALSE,,,,,,,,,,,,,,,,,,,
387,,,,,,,,,,FALSE,,,,,,,,,,,,,,FALSE,,,FALSE,,,,,,,,,,,,,,FALSE,,
388,,,,,,,,,,,,,,,,,,,,,,,,,,,,,,,,,,,,,,,TRUE,,,,
388,,,,,,,,,,,,,,,,,,,,,,,,,,,,,,,,,,,,,,,FALSE,,,,
389,,,,FALSE,,,,,,,,,,,,,,,,,,,,TRUE,,,,,,,,,TRUE,,,,,,FALSE,,,,
390,,,FALSE,,,,,,FALSE,,,TRUE,,,,,,TRUE,,,,FALSE,,,,,FALSE,,TRUE,,,,,,TRUE,,,,,,FALSE,,
392,,,FALSE,FALSE,,,,,,TRUE,,,,,,,,,,,,FALSE,,,,FALSE,,,,,,,,,,,,,,,,,
392,,,,,,,,,,FALSE,,,,,,,,,,,,,,,,,,,,,,,,,,,,,,,,,
393,,,,,,,,,,,,,,,,,,,,,,,,,,FALSE,,,,,,,,,,,,,,FALSE,,,
395,,,FALSE,,,,,,,,,,,,,,,,,,,,,,,,,,,,,,,,,,,,,FALSE,,,
399,,,,,,,,,,FALSE,,,,,,,,,,,,FALSE,,FALSE,,,,,,,,,,,,,,,FALSE,,,,
400,FALSE,TRUE,FALSE,,,,,,,,,,,,,,FALSE,,FALSE,,,,,,,,FALSE,TRUE,,,,,,,,,,,,,,,
401,,,,,,,,,,FALSE,,,,,,,,TRUE,,,,,,,,FALSE,,,,,,,,,,,,,FALSE,FALSE,,,
402,,,FALSE,,,FALSE,,,,,,,,,,,,FALSE,,,,,,,,,FALSE,,,,,,,,,,,,,,,,
406,,,FALSE,FALSE,,,,,FALSE,,,,,FALSE,,,,,,,,TRUE,FALSE,FALSE,,,,,,,,,,,,,,,FALSE,,,,
408,,,FALSE,,,,,,,,,,,,,,FALSE,FALSE,,,,,,,,,,FALSE,,,,,,,,,,,,FALSE,,,
409,,,,,,,,,,,,,,,,,,,,,,,,,,FALSE,,,,,,,,,,,,,,,,,
411,,TRUE,FALSE,FALSE,,,,,TRUE,,,,,,,,,,,,,,,,,FALSE,TRUE,,,,,,,,,,,,,TRUE,,,
411,,,,,,,,,,,,,,,,,,,,,,,,,,,,,,,,,,,,,,,,FALSE,,,
413,,,FALSE,,,,,,TRUE,,,,,,,,,FALSE,,,,,,,,,,,,,,,,,,,,,,FALSE,,,
418,,,FALSE,,,,,,,,,,,,,,,,,,,,,,,,FALSE,,,,,,,,,,,,FALSE,,,,
419,,,FALSE,,,,,,FALSE,,TRUE,,,,,,,,,,,,,,,FALSE,,,,,,,,,,,,FALSE,,,,,
419,,,,,,,,,,,,,,,,,,,,,,,,,,TRUE,,,,,,,,,,,,,,,,,
420,,,FALSE,,,,,,TRUE,TRUE,,FALSE,,,,,,,,,,FALSE,,,,,,,,,,,,,,,,,,FALSE,,,
421,,,,,,,,,,,,,,,,,,,,,,,,TRUE,TRUE,,,,,,,,,,,,,TRUE,TRUE,,,,
423,,,,,,,,,,,,FALSE,,,,,,,,,,FALSE,,TRUE,,,TRUE,,FALSE,,,,,,TRUE,,,,FALSE,,,,
426,,TRUE,FALSE,,,,,,,FALSE,,,,,,,,,FALSE,FALSE,,,,,,FALSE,TRUE,,,,,,,,,,,,,,,,
426,,,TRUE,,,,,,,,,,,,,,,,,,,,,,,,,,,,,,,,,,,,,,,,
428,,,TRUE,,,,,,,,,,,,,,,,,,,FALSE,,TRUE,,,,,,,,,,,,,,,,TRUE,,,
429,FALSE,TRUE,,FALSE,,,,,,,,,,,,,,,,,,,,FALSE,,,,TRUE,,TRUE,,,,,,,,,,,FALSE,,
433,,,,,,,,,,,FALSE,,,FALSE,,,,FALSE,,,,FALSE,,FALSE,,,,,,,,,,,,,,FALSE,,,,FALSE,
434,,,,,,,,,,,,,,,,,,,,,,,,TRUE,,,,,,,,,,,,,,,FALSE,,,,
435,,,,,,,,,,FALSE,,,,,,,,,,,,,,,,,,,,,,,,,,,,,,FALSE,,,
456,,,,FALSE,,,,,,,,,,,TRUE,,,,,,,,,TRUE,,,,,,,,,,,,,,,FALSE,,,,
458,FALSE,,,,,,,,TRUE,,,,,TRUE,,,,TRUE,,,,FALSE,,TRUE,,,,,,,,,,,,,,,FALSE,,,TRUE,
460,,,,,,,,,,,,,,,,,,,,,,,,,,,,,,,,,,,,,,,TRUE,,,,
460,,,,,,,,,,,,,,,,,,,,,,,,,,,,,,,,,,,,,,,FALSE,,,,
461,,,,,,,,,,TRUE,,,,,,,,,,,,TRUE,,TRUE,,FALSE,,,,,,,,,,,,TRUE,,,,,
461,,,,,,,,,,,,,,,,,,,,,,,,,,,,,,,,,,,,,,FALSE,,,,,
463,,,FALSE,,,,,,,,,,,,,,,FALSE,,,,,,TRUE,,,,,,,,,,,,,,,,,,,
464,,,,,,,,,,FALSE,,,,,,,,,,,,,,,,,,,,,,,,,,,,,TRUE,,,,
468,,,FALSE,,,,,,,,,,,,,,,,,,,,,TRUE,,,,,,,,,,,,,,,,FALSE,,FALSE,
469,FALSE,,FALSE,,,,,,,,,,,,,,,FALSE,,,,FALSE,,FALSE,,,,,,,,,,,,,,,,FALSE,,,
481,,,FALSE,,,,,,TRUE,FALSE,,,,,,,,,,,,FALSE,,,,,,,,,,,,,,,,,FALSE,,,,TRUE
491,,,,TRUE,,,,,,,,,,,,,,,,,,,,,,,,,,,,,,,,,,,TRUE,,,,
495,,,,,,,,,,FALSE,,,,,,,,,,,,,,,,,,,,,,,,,,,,,,TRUE,,FALSE,
498,,,TRUE,,,,,,,TRUE,TRUE,,,,,,,,,,,FALSE,,TRUE,,,TRUE,,,,TRUE,,,,,,,,,TRUE,,,
498,,,,,,,,,,,FALSE,,,,,,,,,,,,,,,,,,,,,,,,,,,,,,,,
499,,,,,,,,,FALSE,,,,,,,,,,,,,,,,,,,,,,,,,,,,,,TRUE,,,,
501,,,FALSE,,,,,,,,,,,,,,,FALSE,,,,,,FALSE,,,,,,,,,,,,,,,,,,,
511,,,FALSE,,,,,,,FALSE,,,,,,,,,,,,,,,,,,,,,,,,,,,,FALSE,,,,,
514,,FALSE,FALSE,,,,,,,,,,,,,,,,,,,,,FALSE,,FALSE,FALSE,,,,,,,,,,FALSE,,,,,,
515,,,,,,,,,,,,,,FALSE,,,,,,,,,,FALSE,,,,,,,,,,,,,,,TRUE,,,,
515,,,,,,,,,,,,,,,,,,,,,,,,,,,,,,,,,,,,,,,FALSE,,,,
526,,,FALSE,,,,,,FALSE,,,,,,,,,FALSE,,,,FALSE,,FALSE,,,,,,,,,,,,,,,,FALSE,,,
527,,,FALSE,FALSE,,,,,,FALSE,,,,,,,,,,,,FALSE,,,,,,,,,,,,,,,,,,,FALSE,,
528,,,,,,,,,,,,,,,,,,,,,,,,FALSE,,FALSE,,,,,,,,,,,,,,,FALSE,,
530,,,,,,,,,,,,,,FALSE,,,,,,,,FALSE,FALSE,FALSE,,,,,,,,,,,,,,,,FALSE,,,
533,FALSE,,FALSE,,,,,,,,,,,,,,,FALSE,FALSE,,,,,FALSE,,,,,,,,,,,,,,,,FALSE,,,
540,,,FALSE,,,,,,,,,,,,,,,,,,,,,TRUE,,,,,,,,,,,,,,,TRUE,,,,
545,,,TRUE,,,,,,,,,,,,,,TRUE,,,,,,,TRUE,,,,,FALSE,,,,,,TRUE,,,,,,,,
549,,,TRUE,,,,,,,,,,,,,,,,,,,,,TRUE,,,FALSE,,,,,,,,,,,,,,FALSE,,
551,,,TRUE,,,,,,,,,,,,,,,,,,,,,,,,,,,,FALSE,,,,,,,,,,,,
552,,,,,,,,,,,,,,,,,,FALSE,,,,,,TRUE,,,,,,,,,,,,,,FALSE,,,,,
558,,,,,,,,,,,,,,,,,,,,,,,,TRUE,,,,,,,,,,,,,,,FALSE,,,,
567,,,,,,,,,,,,,,,,,FALSE,,,,,FALSE,,FALSE,,,,,,,,,,,,,,,,FALSE,,,
568,FALSE,,FALSE,,,,,,,,,,,,,,,FALSE,,,,FALSE,,,,FALSE,,,,,,,,,,,,,,,,,
569,,,,,,,,,,,,,,,,,,,,,,,,,,,,,,,,,,,,,,,FALSE,,,,
571,,,,,,,,,,,,,,,,,,,,,,,,TRUE,,,,,,,,,,,,,,,TRUE,,,,
580,TRUE,FALSE,,,,,,,FALSE,FALSE,,,,,,,,,,,,,,,,,,,,,,,,,,,,,,,FALSE,,
581,,,,FALSE,,,,,,TRUE,,,,,,TRUE,,,,,,,,,,,FALSE,,,,,,,,,,,,FALSE,TRUE,,,
582,,,FALSE,,,,,,FALSE,,,,,,,,,,,,,,,,,,FALSE,,,,,,,,,,,,,FALSE,,,
583,,,,,,,,,,FALSE,,,,,,,,,,,,,,,,,,,,,,,,,,,,FALSE,,,,,
608,,,,FALSE,,,,,,,,,,,,,,,,,,,,,,,,,,,,,,,,,,,FALSE,,,,
612,,,,,,,,,,FALSE,,,,,,,,FALSE,,,,,,FALSE,,FALSE,,,,,,,,,,,,,,,FALSE,,
619,FALSE,,FALSE,,,,,,,FALSE,,,,,,,,,,,,,,,,,,,,,,,,,TRUE,,,,,,,,
620,,,,,,,,,,,FALSE,,,,,,,,,TRUE,,,,,,,FALSE,,,,,,,,,,,FALSE,,,,,
626,,,,,,,,,,,,,,,,,,,,,,,,FALSE,,,,,,,,,,,,,,,,FALSE,,,
628,,,,,,,,,,FALSE,,,,,,,,,,,,,,FALSE,,,,,,,,,,,,,,,,FALSE,,FALSE,
629,,,,,,,,,,,,,,FALSE,,,,,,,,,,TRUE,,,,,,,,,,,,,,,FALSE,,,,
632,,,,,,,,,,,,,,,,,,,,,,,,,,,,,,,,,,,,,,,,FALSE,,,
633,,,FALSE,FALSE,,,,,,,,,,FALSE,,,,FALSE,,,,,,,,,,,,,,,,,,,,,,FALSE,,,
635,FALSE,,,,,,,,,FALSE,,,,,,,,,,,,,,,,FALSE,,,,,,,,,,,,,FALSE,,,,
641,,,FALSE,FALSE,,,,,,,,,,,,,,,,,,,,FALSE,,,,,,,,,,,,,,FALSE,,,FALSE,,
642,,,,,,,,,,TRUE,,,,,,,,,,,,,,TRUE,,,,,,,,,,,,,,TRUE,,,,,
642,,,,,,,,,,,,,,,,,,,,,,,,,,,,,,,,,,,,,,FALSE,,,,,
643,,,,,,,,,,,,,,,,,,,,,,,,FALSE,,FALSE,,,,,,,,,,,,FALSE,,,,,
646,,,FALSE,,,,,,,,,,,,,,,,,,,FALSE,,FALSE,,,,,,,,,,,,,,,,,,,
648,,,FALSE,,,,,,,,,,,,,,,,,,,,,FALSE,,,,,,,,,,,,,,,,,,,
654,TRUE,,,,,,FALSE,,,,,,,,,,,,,,,,,,,,,,,,,,,,,,,,TRUE,,,,
655,,TRUE,TRUE,,,,,,TRUE,,,,,,,,,,,,,,,,,TRUE,FALSE,,,,,,,TRUE,,,,,FALSE,,,,
656,,,FALSE,,,,,,,,,,,,,,,,,,,,,FALSE,,,,,,,,,,,FALSE,FALSE,,,,,,,
658,,,,,,,,,,,,,,TRUE,,,,,,,,,,,,,TRUE,,,,,,,,,,,,FALSE,,,,
662,,,,,,,,,,FALSE,,,,,,,,,,,,,,,,,,,,,,,,,,,,,FALSE,,,,
663,,,,,,,,,FALSE,TRUE,,,,,,,,TRUE,,,,,,TRUE,,,,,,,,,,,,,,FALSE,,,,,
663,,,,,,,,,,,,,,,,,,FALSE,,,,,,,,,,,,,,,,,,,,,,,,,
664,,,,,,,,,,,,,,TRUE,FALSE,,,FALSE,,,,,,TRUE,,,,,,,,,,,,,,,,,FALSE,,
667,,,FALSE,,,,,,,,,,,,,,,FALSE,,,FALSE,,,TRUE,,,,,,,,,,,,,,,,FALSE,,,
668,,,FALSE,,,,,,,,,,,,,,,,,,,,,,,,,,,,,,,,TRUE,,,,,TRUE,,,
669,,,FALSE,,,,,,,,,,,,,,,,,,,,,,,,,,,,,,,,,,,,,,,,
672,,,,,,,,,,,,,,,,,,,,,,,,TRUE,,,,,,,,,,,,,,,FALSE,,,,
674,,,FALSE,,,,,,,,,,,,,,,FALSE,,,,,,TRUE,,,,,,,,,,,,,,,,FALSE,,,
675,,,,TRUE,,,,,TRUE,,,,,FALSE,,,TRUE,,,,,,,TRUE,,,,TRUE,,TRUE,,,,,,,,,,FALSE,,,TRUE
677,,,,,,,,,,FALSE,,,,,,,,,,,,,,,,,,,,,,,,,,,,,,,FALSE,,
678,,,TRUE,,,,,,,,,,,,,,,TRUE,,,,,,TRUE,,,,,,,,,,,,,TRUE,,TRUE,,,,
679,,,,FALSE,,,,,,,,,,,,,,,,,,,,,,,,,,,,,,,,,,,FALSE,,,,
680,,,,FALSE,,,,,,FALSE,,,,,,,,,,,,,,,,,,,FALSE,,,,,,,,,,,,FALSE,,
681,,,,FALSE,,,,,,FALSE,,,,,,,,,,,,,,,,,,,FALSE,,,,,,,,,,,,FALSE,,
683,,,,,,,,,,,,,,,,,,TRUE,,,,,,,,,TRUE,,,,,,,,,,,,TRUE,,,,
685,,,FALSE,TRUE,,,,,,,,,,,,,,,FALSE,,,,,,,TRUE,TRUE,,,,,,TRUE,FALSE,,,,,,,,,
685,,,,,,,,,,,,,,,,,,,,,,,,,,FALSE,,,,,,,,,,,,,,,,,
686,,,,,,,,,,,,,,,,,,,,,,,,FALSE,,FALSE,,,,,,,,,,,,FALSE,,,,,
687,FALSE,,FALSE,FALSE,,,,,,FALSE,,,,,,,,,,,,,,,,,,,,,,,,,,,,,,FALSE,,,
688,FALSE,,,,,,,,,FALSE,,,,TRUE,,,FALSE,,,,,FALSE,,,,TRUE,,,,TRUE,,,,,,,,,,,,,
688,,,,,,,,,,,,,,,,,,,,,,,,,,FALSE,,,,,,,,,,,,,,,,,
689,,,,,,,,,,FALSE,,,,,,,FALSE,,FALSE,,,,,,,FALSE,,,,,,,,,FALSE,,,FALSE,FALSE,,,,
690,,,,,,,,,,,,,,,,,,,,,,,,TRUE,,,,FALSE,,,,,,,,,,,,,,,
691,,,,,,,,,,,,,,FALSE,,,,,,,,,,TRUE,,,,,,,,,,,,,,,,FALSE,,,
692,,,FALSE,,,,,,FALSE,,FALSE,,,,,,,,,,,TRUE,,,,,,,,,,,,,,,,,TRUE,,,,
692,,,,,,,,,,,,,,,,,,,,,,,,,,,,,,,,,,,,,,,FALSE,,,,
693,,,FALSE,,,,,,,,,,FALSE,,,,,,,,,,,,,,,,,,,,,,,,,,,FALSE,,,
699,,,,,,,,,,,,,,,,,,,,,,,,,,,,,,,,,,,,,,TRUE,,,,,
700,,,,FALSE,,,,,,FALSE,,,,,,,,FALSE,,,,,,TRUE,,,,,,,,,,,,,,,FALSE,,,,
701,,,,FALSE,,,,,,,,,,,,,,,,,,,,,,,,,,,,,,,,,,,FALSE,,,,
703,,,,,,,,,,FALSE,,,,,,,,,,,,,,FALSE,,,,,,,,,,,,,,,,,,,
709,FALSE,,,FALSE,,,,,,,,,,,,,,,,,,,,TRUE,,,,,,,,,,,,,,,FALSE,,,,
710,,,,,,,,,,,,,,,,,,,,,,,,,,,,,,,,,,,,,,,,FALSE,,,
722,,,FALSE,,,,,,,,,,,,TRUE,,,,,,,,,TRUE,,,,,,,,,,,,,,FALSE,,,,,
723,,,,,,,,,,,,,,FALSE,FALSE,,,,,,,,,TRUE,,,,,,,,,,,,,,,FALSE,,,,
724,,,,,,,,,,,,,,,,,FALSE,,,,,,,TRUE,,,,,,,,,,,,,,,FALSE,,,,
725,,,,,,,,,,,,,,,,,,,,,,,,,,,TRUE,,,,,,,,,,,,FALSE,,,,
730,,,,,,,,,,,,,,,,,,,,,,,,,,,,,,,,,,,,,,,FALSE,,,,
735,,,FALSE,,,,,,,,,,,,,,,,,,,,,FALSE,,,,,,,,,,,,,,,,FALSE,,,
767,,,FALSE,,,,,,,,,,,,,,,FALSE,,,,,,FALSE,,,,,,,,,,,,,,,,,,,
780,,FALSE,,FALSE,,,,,,,,,,,,,FALSE,,,,,,,FALSE,,TRUE,,FALSE,,FALSE,,,,,,,,,,FALSE,,,
786,,,,,,,,,,FALSE,,,,,,,,,,,,,,TRUE,,,,,,,,,,,,,,,,FALSE,,FALSE,
790,,,,,,,,,,,,,,,,,,,,,,,,,,,,,,,,,,,,,,,,FALSE,,,
838,,,,,,,,,,,,,,FALSE,FALSE,,,,,,,,,TRUE,,,,,,,,,,,,,,,FALSE,,,,
844,,,,,,,,,,,,,,,,,,,,,,,,,,,,,,,,,,,,,,,,TRUE,,,
885,,FALSE,,TRUE,,,,,FALSE,,,,,,,FALSE,,,,,,,,FALSE,,FALSE,,,,,,,,,,,,FALSE,,,,,
885,,,,FALSE,,,,,,,,,,,,,,,,,,,,,,,,,,,,,,,,,,,,,,,
917,,,,,,,,,,,,,,,,,,,,,,,,FALSE,,,,,,,,,TRUE,,,,,,,,,,
942,,,,,,,,,,,,,,FALSE,,,,,,,,,,FALSE,,FALSE,,,,,,,,,,,,,FALSE,,,,
975,FALSE,FALSE,,,,FALSE,,,,,,,,,,,,,,,,FALSE,,,,,,,,TRUE,,,,,,,,FALSE,,TRUE,,TRUE,
975,,,,,,,,,,,,,,,,,,,,,,,,,,,,,,FALSE,,,,,,,,,,,,,
1004,,,,,,,,,,,,,,,,,,,,,,,,TRUE,,,,,,,,,,,,,,,,FALSE,,FALSE,
1067,,,,,,,,,,,,,,,,,,FALSE,,,,,,,,,,,,,,,,,,,,,,FALSE,,,
1108,TRUE,TRUE,TRUE,,,,,,FALSE,,,,,,,,,,,,,TRUE,,,,TRUE,,,,,,,,,,,,,TRUE,,,,
1108,FALSE,,,,,,,,,,,,,,,,,,,,,,,,,,,,,,,,,,,,,,FALSE,,,,
1130,,,,,,,,,,,,,,,,,,,,,,,,,,,,,,,,,,,,,,FALSE,,,,,
1140,,TRUE,FALSE,,,,,,,FALSE,,,,,,,,,,,,,,,,,,,,FALSE,,,,,,,,,,FALSE,,,
1203,,,FALSE,,,,,,,,,,,,,,,,,,,FALSE,,,,TRUE,,,,,,,,,FALSE,,,FALSE,,,,,
1317,,,,,,,,,,,,,,,,,,,,,,,,TRUE,,,,,,,,,,,,,,,,FALSE,,,
1363,,,,,,,,,,,,,,,,,,,,,,TRUE,,,,TRUE,,,,,,,,,,,,,FALSE,FALSE,,,
1363,,,,,,,,,,,,,,,,,,,,,,FALSE,,,,,,,,,,,,,,,,,,,,,
1364,,,FALSE,,,,,,FALSE,,,,,FALSE,,,,,,,,,,,,FALSE,,,,,,,,,,,,,FALSE,,,,
1376,,,,,,,,,,,,,,,,,,,,,,,,FALSE,,,,,,,,,,,,,,,,FALSE,,,
1385,FALSE,,,,,,,,FALSE,,,,,,,,,,,,,,,,,FALSE,FALSE,,,,,,,,,,FALSE,,,,,,
1388,,,,,,,,,,,,,,,,,,,,,,,,TRUE,,,,,,,,,,,,,,,,FALSE,,FALSE,
1395,,,FALSE,,,,,,,,,,,,,,,,,,,,,,,,,,,,,,,,,,,,,FALSE,,,
1399,,,,FALSE,,,,,,,,,,,,,,TRUE,,,,,,,,,,,,,,,,,,,,,FALSE,,,,
1440,,,,,,,,,,,,,,,,,,,,,,,,,,,,,,,,,,,,,,,,FALSE,,,
1480,,,,FALSE,,,,,,FALSE,,,,,,,,,,,,,,FALSE,,,,,,,,,,,,,,FALSE,,,,,
1531,,,,,,FALSE,,,,FALSE,,,,,,,,,,,,,,FALSE,,,,,,,,,,,,,,,FALSE,,,,
1542,,,,,,,,,,,,,,,,,,,,,,,,FALSE,,,,,,,,,,,,,,,FALSE,,,,
1623,FALSE,,,,,,,FALSE,,FALSE,,,,,,,,,,,,,,,,FALSE,,,,,,,,,,,,,,FALSE,,,
1694,TRUE,,TRUE,,,,,,,,,,,TRUE,,,,,,,,,,TRUE,,,,,,,,,,,,,,TRUE,,,,,
1765,,,,,,,,,,,,,,,,,,TRUE,,,,,,,,,,,,,,,,,,,,,,,,,
1772,,,,,,,,,,,,,,,,,,,,,,,,,,,FALSE,,,,,,,,,,,,FALSE,,FALSE,,
1775,,,FALSE,,,,,,,,,,,,,,,FALSE,,,,,,TRUE,,,,,,,,,,,,,,,,FALSE,,,
1778,,,,,,,,,,,,,,,,,,FALSE,,,,,,TRUE,,,,,,,,,,,,,,,,FALSE,,,
1807,,,,FALSE,,,,,,,,,,,,,,FALSE,,,,,,,,FALSE,,,,,,,,,,,,,FALSE,,,,
1816,,,,,,,,,,,,,,,,,,,,,,,,FALSE,,,,,,,,,TRUE,,,,,,FALSE,,,,
1840,,,FALSE,,,,,,,,,,,,,,,,,,,,,FALSE,,,,,,,,,,,,,,,,,FALSE,,
1889,,,,,,,,,,,,,,,,,,,,,,,,TRUE,,,,,,,,,,,,,,,,,,,
1890,,,,,,,,,,,,,,,,,,,,,,,,,,,,,,,,,,,,,,,,,FALSE,,
1914,,,,,,,,,TRUE,,FALSE,,,,FALSE,,,,,,,,,FALSE,,,,,,,,,,,,,,,,,,,
1954,,,FALSE,,,,,,,,,,,,FALSE,,,,,,FALSE,,,TRUE,,,,,,,,,,,,TRUE,,FALSE,,,,,
1964,,,FALSE,FALSE,,,,,,,,,,FALSE,,,,FALSE,,,,,,FALSE,,,,,,,,,,,,,,,,,,,
2015,,,FALSE,,,,,,,FALSE,,,,,,,,,,,,,,FALSE,,FALSE,,,,,,,,,,,,,,,,,
2020,,,TRUE,TRUE,,,,,,,,,,,,,,FALSE,,,,,,FALSE,,,TRUE,,,,,,,,,,,,,,,,
2024,,,TRUE,,,,,,,,,,,,,,,TRUE,,,,,,TRUE,,,,,,,,,,,,,FALSE,,TRUE,,,,
2050,TRUE,,,,,,,,,TRUE,,,,,,,,,,,,FALSE,,TRUE,,,,,,,,,,FALSE,,,,,,,,,
2081,,,,FALSE,,,,,,,,,,,,,,FALSE,,,,,,,,,,,,,,,,,,,,,FALSE,,,,
2172,,,FALSE,FALSE,,,,,,FALSE,,,,FALSE,,,,,,,,,,,,,,,,,,,,,,,,,FALSE,,,,
2180,,,,TRUE,,,,,,,,,,FALSE,,,,,,,,,,FALSE,,,,,,,,,,,,,,,,,,,
2186,,,,,,,,,,,,,,,,,,,,,,,,FALSE,,,,,,,,,,,,,,,,FALSE,,,
2196,,,,,,,,,,,,,,FALSE,,,,,,,,,,TRUE,,,,,,,,,,,,,,,FALSE,,,,
2217,,,FALSE,,,,,,TRUE,,,,,,TRUE,,,,,,,,,,,,,,,,,,,,,,,,,,,,
2330,,,TRUE,,,,,,,FALSE,,,,,,,,,,,,,,TRUE,,,,,,,,,,,,,,,,,FALSE,,
2360,,,,,,FALSE,,,,,,,,,,,,,,,,,,TRUE,,,,,,,,,,,,,,FALSE,,,,,
2388,,,FALSE,,,,,,,,,,,,,,,,,,,,,FALSE,,,,,,,,,TRUE,,,,,,FALSE,,,,
2393,,,FALSE,FALSE,,,,,,,,,,,,,,,,,,,,,,,,,,,,,,,,,,,,,FALSE,,
2412,,,,TRUE,,,,,TRUE,TRUE,,,,TRUE,,,,TRUE,,,,,,TRUE,,,,,,,,,,,,FALSE,,,,,,,
2447,,,TRUE,,,,,,,,,,,,,,,,,,,,,TRUE,,,,,,,,,,,,,,,,,FALSE,,
2456,,,,FALSE,,FALSE,,,,,FALSE,,,,,,,FALSE,,,,,,,,,,,,,,,,,,,,,,FALSE,,,
2471,,,TRUE,,,,,,,,,,,,,,,,,,,,,,,,,,,,,,,,,,,,,,FALSE,,
2508,,,FALSE,,,,,,,,,,,,,,,FALSE,,,,,,FALSE,,,,,,,,,,,,,,,,FALSE,,,
2513,FALSE,FALSE,,FALSE,,FALSE,,,,FALSE,,,,,,,FALSE,FALSE,,,,,,TRUE,,,,FALSE,,,,,,,,,,,,,,,
2514,,,FALSE,TRUE,,FALSE,,,,,,,,FALSE,,,,TRUE,,,,,,FALSE,,,,FALSE,,TRUE,,,,,,,,,,FALSE,,,
2564,,FALSE,TRUE,FALSE,,,,FALSE,,FALSE,,,,,,,,FALSE,,,,FALSE,,,,,FALSE,,,,,,,,,,,,,,,,
2564,,,FALSE,,,,,,,,,,,,,,,,,,,,,,,,,,,,,,,,,,,,,,,,
2572,,,,FALSE,,,,,,,,,,,,,,FALSE,,,,,,,,FALSE,,,,,,,,,,,,,FALSE,,,,
2577,,,FALSE,FALSE,,,,,,,,,,,,,,,,,,,,FALSE,,,,,,,,,TRUE,,,,,,,,,,
2617,,,,,,,,,,,,,,,,,,,,,,,,TRUE,,,,,,,,,,,,,,,FALSE,FALSE,,,
2657,,,,FALSE,,,,,,,,,,,,,,,,,,,,,,,,FALSE,,,,,,,,,,,FALSE,,,,
2662,,,,,,,,,,FALSE,FALSE,,,,,,,,,,,,,FALSE,,FALSE,FALSE,,,,,,,,,,,,FALSE,,,,
2672,FALSE,,,,,,,,,,,,,,,,,FALSE,,,,,,,,,,,,,,,,,FALSE,,,FALSE,,,,,
2716,,,TRUE,,,,,,,,,,,,,,,,,,,,,TRUE,,,,,,,,,,,,,,,,FALSE,,,
2824,,,FALSE,,,,,,,,,,,,FALSE,,,FALSE,,,,,,TRUE,,,,,,,,,,,,,,,,,,,
2826,,,FALSE,,,,,,TRUE,FALSE,,,,,,,,,,,,,,TRUE,,,,,,,,,TRUE,,,,,,FALSE,,,,
2828,,,FALSE,,,,,,,,,,,,,,,,,,,,,FALSE,,,,,,,,,TRUE,,,,,,,,,,
2831,,,,,,,,,,,,,,,,,,FALSE,,,,,,,,,,,,,,,,,,,,TRUE,,,,,
2831,,,,,,,,,,,,,,,,,,,,,,,,,,,,,,,,,,,,,,FALSE,,,,,
2832,,,,FALSE,,,,,,,,,,,,,,FALSE,,,,,,,,,,,,,,,,,,,,,,FALSE,,,
2833,,,,,,,,,,,,,,,,,,,,,,,,,,,,,,,,,,,,,,,,FALSE,,,
2854,,,,,,,,,,,,,,,,,,FALSE,,,,,,,,,,,,,,,,,,,,,,FALSE,,,
2855,,,,,,,,,,,,,,,,,,FALSE,,,,,,,,,,,,,,,,,,,,,,FALSE,,,
2856,,,,,,,,,,,,,,,,,,FALSE,,,,,,TRUE,,,,,,FALSE,,,,,,,,,,FALSE,,,
2871,,,,,,,,,FALSE,,,,,,,,,,,,,,,TRUE,,,,,,,,,,,,,,,,,,,
2873,,,FALSE,,,,,,,,,,,,,,,FALSE,,,,,,TRUE,,,,,,,,,,,,,,,,FALSE,,,
2893,,,FALSE,,,,,,,,,,,,,,,,,,,,,,,,,,,,,,,,,,,,,,FALSE,,
2900,,,,FALSE,,,,,,,,,,,,,,FALSE,,,,,,,,,,,,,,,,,,,,,FALSE,,,,
2916,,,,FALSE,,,,,,,,,,,,,,,,,,,,TRUE,,,,,,,,,,,,,,,,FALSE,FALSE,,
2936,,,FALSE,,,,,,,,,,,,,,,,,,,,,,,,,,,,,,,,,,,,,,FALSE,,
2944,,,FALSE,,,,,,,,,,,,,,,FALSE,,,,,,FALSE,,,,,,,,,,,,,,,,,,,
2949,,,FALSE,,,,,,TRUE,FALSE,,,,,,,,,,,,FALSE,,TRUE,,,,,,,,,TRUE,,,,,,FALSE,,,,
2951,,,,,,,,,TRUE,TRUE,,,,,,,,,,,,FALSE,,FALSE,,,,,,TRUE,,,,,,,,FALSE,,,,TRUE,
2984,,,FALSE,,,,,,,,,,,FALSE,,,,FALSE,,,,,,FALSE,,,,,,,,,,,FALSE,,,,FALSE,FALSE,,,
2987,,,FALSE,,,,,,,,,,,,,,,,,,,,,FALSE,,,,,,,,,,,,,,,,FALSE,,,
3006,,,FALSE,FALSE,,,,,,FALSE,,,,,,,,FALSE,,,,,,,,,,,,,,,,,,,,,,,,,
3015,,,,,,,,,,,,,,FALSE,,,,,,,,,,FALSE,,TRUE,,,,,,,,,,,,,,FALSE,,,
3032,,,,,,,,,,,,,,,,,,,,,,,,FALSE,,,,,,,,,,,,,,,FALSE,,,,
3101,,,,,,,,,,FALSE,,,,,,,,,,,,,,TRUE,,,,,,,,,,,,,,TRUE,FALSE,,,,
3143,,FALSE,,FALSE,,,,,FALSE,,,,,,,,,,,,,,,,,,,FALSE,,FALSE,,,,FALSE,FALSE,,,,,,,,
3173,,,,FALSE,,,,,,FALSE,FALSE,,,,FALSE,,,,,,,,,TRUE,,,,,,,,,,,,,,,,,,,
3213,,,,,,FALSE,,,,,,,,TRUE,,,,,,,,,,TRUE,,,,,,,,,,,,,,,FALSE,,,,
3229,,,TRUE,,,,,,,,,,,,,,,TRUE,,,,,,TRUE,,,,,,,,,,,,,TRUE,,TRUE,,,,
3239,,,FALSE,FALSE,,,,,TRUE,,,,,,,,,,,,,FALSE,,,,,,,,,,,,,TRUE,,,,,FALSE,,,TRUE
3240,,FALSE,,TRUE,,,,,,,,,,,,,,,,,,,,FALSE,,FALSE,,,FALSE,,,FALSE,,,TRUE,,,,,FALSE,,,
3240,,,,,,,,,,,,,,,,,,,,,,,,,,,,,,,,,,,FALSE,,,,,,,,
3243,,,,,,,,,,,,,,,,,,,,,,,,TRUE,,,,,,,,,,,,,,,,FALSE,,,
3243,,,,,,,,,,,,,,,,,,,,,,,,,,,,,,,,,,,,,,,,TRUE,,,
3272,,,FALSE,,,,,,,,,,,,,,,,,,,,,TRUE,,,,,,,,,,,,,,,,,,,
3278,,,,,,,,,,,,,,,TRUE,,,TRUE,,,,,,TRUE,,,,,,,,,,,,,,,,,,,
3298,,,,,,,,,,,,,,,,,,,,,,,,TRUE,,,,,,,,,,,,,,,,,,,
3301,,,,,,,,,,,,,,,,,,,,,,,,TRUE,,,,,,,,,,,,,,,,,,,
3311,,,TRUE,,,,,,TRUE,,,,,,,,,,,,,,,,,,,,,,,,,,,,,TRUE,,,,,
3312,,,,,,,,,,,,,,,TRUE,,,,,,,,,TRUE,,,,,,,,,,,,,,,,FALSE,,,
3313,,,,,,,,,TRUE,,,,,,,,,TRUE,,,,,,TRUE,,,,,,,,,,,,,,,,,,,
3315,,,,,,,,,,TRUE,,,,,,,,TRUE,,,,,,TRUE,,,,,,,,,,,,,,,,,,,
3318,,,FALSE,,,,,,,,,,,,,,,,,,,,,FALSE,,,,,,,,,,,,,,,,,,,
3326,,,,,,,,,,,,,,,,TRUE,,,,,,,,,,,,,TRUE,,,,,,,,,TRUE,,,,,
3331,,,TRUE,,,,,,,,,,,,,,,TRUE,,,,,,TRUE,,,,,,,,,,,,,,TRUE,,,TRUE,,
